id,publication_id,edition_id,title,author_creator,date_period,year,place_of_publishing,publisher,language,subject_keywords,url_original_object
393088,425506,393088,XI-XV դարերի հայ վարքագրությունը,"Տեր-Դավթյան, Ք. Ս.",1980.0,1980.0,Երևան,ՀՍՍՀ ԳԱ հրատ.,hy,Հայ գրականության պատմություն Վարքագրութիւն,https://arar.sci.am/dlibra/publication/425506/edition/393088
389798,422361,389798,XX դարի սկզբի հայոց բանաստեղծությունը,"Զաքարյան, Ալմաստ",1973.0,1973.0,Երևան,ՀՍՍՀ ԳԱ հրատ.,hy,Հայ գրականության պատմություն,https://arar.sci.am/dlibra/publication/422361/edition/389798
374247,405382,374247,Давид Сасунский,,1939.0,1939.0,Ереван,АрмФАН,ru,Эпос Армянский народный эпос,https://arar.sci.am/dlibra/publication/405382/edition/374247
374913,406036,374913,Об Армении и армянской культуре,"Эренбург, Илья",1988.0,1988.0,Ереван,АН Армянской ССР,ru,Литературоведение Армянская литература Русская литература Армения и армянская культура Русско-армянские литературные связи,https://arar.sci.am/dlibra/publication/406036/edition/374913
408624,442577,408624,Об Армении и армянской культуре,"Брюсов, Валерий",1963.0,1963.0,Ереван,Изд-во АН АрмССР,rus,Литературоведение Армянская литература,https://arar.sci.am/dlibra/publication/442577/edition/408624
377902,408651,377902,Ованес Туманян в годы Первой мировой войны,,2018.0,2018.0,Ереван,«Гитутюн» НАН РА,ru,"Художественная литература Поэзия Армянская литература История Первая мировая война, 1914-1918 История армянского народа Писатели армянские в Первой мировой войне, 1914-1918",https://arar.sci.am/dlibra/publication/408651/edition/377902
402713,434959,402713,Աբրահամ Խոստովանողի «Վկայք Արեւելիցը»,"Տէր-Պետրոսյան, Լ․ Հ․",1976.0,1976.0,Երևան,Հայկական ՍՍՀ ԳԱ հրատ.,hy,Աղբյուրագիտություն Թարգմանական գրականություն Բնագրագիտություն,https://arar.sci.am/dlibra/publication/434959/edition/402713
374846,405987,374846,Ագապիի պատմությունը,,1953.0,1953.0,Երևան,ԳԱ հրատ.,hy,Հայ գրականություն Վեպ,https://arar.sci.am/dlibra/publication/405987/edition/374846
377413,408165,377413,Ադրբեջանական ժողովրդի գրականությունը,"Արիֆ, Մ.",1961.0,1961.0,Երևան,ՀՍՍՌ ԳԱ հրատ.,hy,Ադրբեջանական գրականության պատմություն,https://arar.sci.am/dlibra/publication/408165/edition/377413
375195,406203,375195,Ազատ Վշտունի,"Ղազարյան, Հովհ.",1959.0,1959.0,Երևան,ՀՍՍՌ ԳԱ հրատ․,hy,Հայ գրականագիտություն Հայ գրողներ,https://arar.sci.am/dlibra/publication/406203/edition/375195
376374,407230,376374,Ազարիա Ադելյան,"Դանիելյան, Ս.",1964.0,1964.0,Երևան,ՀՍՍՌ ԳԱ հրատ.,hy,Հայ գրականագիտություն Հայ գրողներ Ազարիա Ադելյան,https://arar.sci.am/dlibra/publication/407230/edition/376374
376396,407270,376396,Աթաբեկ Խնկոյան,"Գյուլնազարյան, Խաժակ",1968.0,1968.0,Երևան,ՀՍՍՀ ԳԱ հրատ.,hy,"Խնկո Ապեր, 1870-1935 Հայ գրականագիտություն Հայ գրողներ",https://arar.sci.am/dlibra/publication/407270/edition/376396
376241,407130,376241,Ալեքսանդր Ծատուրյան,"Բեժանյան, Ա. Ա.",1960.0,1960.0,Երևան,ՀՍՍՌ ԳԱ հրատ.,hy,Հայ գրականագիտություն Ալեքսանդր Ծատուրյան,https://arar.sci.am/dlibra/publication/407130/edition/376241
404501,436387,404501,Ակադեմիկոս Էդվարդ Ջրբաշյանի ծննդյան 100-ամյակին նվիրված հոբելյանական գիտաժողովի նյութերի ժողովածու,,2023.0,2023.0,Երևան,ՀՀ ԳԱԱ «Գիտություն» հրատ․,hy,"Էդվարդ Մկրտչի, Ջրբաշյան Հայ անվանի գրողներ Գիտաժողովի նյութերի ժողովածու",https://arar.sci.am/dlibra/publication/436387/edition/404501
401350,434151,401350,Ակնարկներ հայ երգիծական գրականության պատմության (1920-1980-ական թթ.),"Բոդոսյան, Ս. Ս.",1991.0,1991.0,Երևան,Հայաստանի ԳԱ հրատ.,hy,Հայ գրականություն Երգիծանք Հայ երգիծական գրականություն,https://arar.sci.am/dlibra/publication/434151/edition/401350
378263,409351,378263,Ակնարկներ հայ մանկական գրականության պատմության,"Գյուլնազարյան, Խ. Մ.",1961.0,1961.0,Երևան,Հայկական ՍՍՌ ԳԱ հրատ.,hy,Հայ գրականագիտություն Մանկական գրականություն,https://arar.sci.am/dlibra/publication/409351/edition/378263
379741,410950,379741,Ակսել Բակունց,"Աղաբաբյան, Սուրեն",1963.0,1963.0,Երևան,ՀՍՍՌ ԳԱ հրատ.,hy,Հայ գրականագիտություն Հայ գրողներ,https://arar.sci.am/dlibra/publication/410950/edition/379741
375196,406204,375196,Ակսել Բակունցի ստեղծագործությունը,,1959.0,1959.0,Երևան,ՀՍՍՌ ԳԱ հրատ.,hy,Ակսել Բակունց Հայ գրականագիտություն Հայ գրողներ,https://arar.sci.am/dlibra/publication/406204/edition/375196
408644,442634,408644,Անտիպ երկերի ժողովածու,Սիամանթօ,2002.0,2002.0,Երևան,ՀՀ ԳԱԱ «Գիտություն» հրատ․,hy,Արևմտահայ գրականություն,https://arar.sci.am/dlibra/publication/442634/edition/408644
389802,422367,389802,Անտիպ և հետմահու տպագրված բանաստեղծություններ,"Իսահակյան, Ավետիք",2011.0,2011.0,Երևան,ՀՀ ԳԱԱ «Գիտություն» հրատ. ; ԵՊՀ հրատ․,hy,Հայ գրականություն Երկերի ժողովածու,https://arar.sci.am/dlibra/publication/422367/edition/389802
402286,434610,402286,Անտիպ և չհավաքված երկեր,"Չարենց, Եղիշե",1983.0,1983.0,Երևան,ՀՍՍՀ ԳԱ հրատ.,hy,Հայ գրականություն Անտիպ երկեր,https://arar.sci.am/dlibra/publication/434610/edition/402286
408430,442449,408430,Աշուղ Ջիվանու բանաստեղծական աշխարհը,"Պողոսյան, Թովմաս",2013.0,2013.0,Երևան,Առասպել ինդեքս,hy,Հայկական երաժշտություն Գուսանական երգեր Աշուղ Ջիվանի,https://arar.sci.am/dlibra/publication/442449/edition/408430
375369,406290,375369,Առածանի,"Ղանալանյան, Ա. Տ.",1960.0,1960.0,Երևան,ՀՍՍՌ ԳԱ հրատ․,hy,Հայ ժողովրդական բանահյուսություն Առածանի,https://arar.sci.am/dlibra/publication/406290/edition/375369
393125,425510,393125,Առաքել Բաղիշեցի XV դ.,,1971.0,1971.0,Երևան,ՀՍՍՀ ԳԱ հրատ.,hy,Հայ գրականություն Առաքել Բաղիշեցի Հայ գրողների կյանքն ու գործունեությունը,https://arar.sci.am/dlibra/publication/425510/edition/393125
396176,428256,396176,Ավանդույթները և գեղարվեստական զարգացումը,,1976.0,1976.0,Երևան,ՀՍՍՀ ԳԱ հրատ.,hy,Գրականության տեսություն Հայ գրականագիտություն,https://arar.sci.am/dlibra/publication/428256/edition/396176
385180,416712,385180,Ավետիք Իսահակյան,"Իսահակյան, Ավիկ",2000.0,2000.0,Երևան,ՀՀ ԳԱԱ «Գիտություն» հրատ.,hy,Հայ գրողների կյանքն ու գործունեությունը Հայ գրականագիտություն,https://arar.sci.am/dlibra/publication/416712/edition/385180
385181,416739,385181,Ավետիք Իսահակյանը և ռուս գրականությունը,"Իսահակյան, Ավիկ",1984.0,1984.0,Երևան,ՀՍՍՀ ԳԱ հրատ.,hy,Հայ գրականագիտություն,https://arar.sci.am/dlibra/publication/416739/edition/385181
377481,408210,377481,Ավետիք Իսահակյանի արձակը,"Հովհաննիսյան, Գ. Ն.",1963.0,1963.0,Երևան,ՀՍՍՌ ԳԱ հրատ.,hy,Հայ գրականագիտություն Հայ գրողներ Ավետիք Իսահակյան,https://arar.sci.am/dlibra/publication/408210/edition/377481
374242,405377,374242,Ավ. Իսահակյանի ստեղծագործության ժողովրդական ակունքները,"Ղանալանյան, Ա․ Տ․",1955.0,1955.0,Երևան,ՀՍՍՌ ԳԱ հրատ.,hy,Հայ գրականագիտություն Հայ գրողներ,https://arar.sci.am/dlibra/publication/405377/edition/374242
419691,451964,419691,"Արդի հայ գրականության պատմություն, (1941 —1985 թթ.)","Աղաբաբյան, Ս. Բ.",1993.0,1993.0,Երևան,ՀԳԱԱ հրատ.,hy,Հայ գրականության պատմութիւն,https://arar.sci.am/dlibra/publication/451964/edition/419691
410650,444546,410650,Արևմտահայ բանաստեղծությունը 1890-1907 թթ․,"Կիրակոսյան, Վ. Ա․",1985.0,1985.0,Երևան,ՀՍՍՀ ԳԱ հրատ․,hy,Գրական վերլուծություն Արևմտահայ բանաստեղծություն,https://arar.sci.am/dlibra/publication/444546/edition/410650
399259,432190,399259,Արևմտահայ նորավեպը,"Հակոբյան, Գրիգոր",1996.0,1996.0,Երևան,ՀՀ ԳԱԱ «Գիտություն» հրատ.,hy,Արևմտահայ գրականագիտություն,https://arar.sci.am/dlibra/publication/432190/edition/399259
422219,454676,422219,Արևմտահայ վիպագրություն,"Անանյան, Նելլի Վախթանգի",1992.0,1992.0,Երևան,Հայաստանի ԳԱ հրատ.,hy,Արևմտահայ գրականություն Վիպագրություն,https://arar.sci.am/dlibra/publication/454676/edition/422219
408623,442576,408623,Արձակ էջեր,"Իսահակյան, Ավետիք",2014.0,2014.0,Երևան,ՀՀ ԳԱԱ «Գիտություն» հրատ.,hy,Հայ գրականություն Երկերի ժողովածու,https://arar.sci.am/dlibra/publication/442576/edition/408623
375370,406292,375370,Արտա Վիրապ նամակ ; Յուշտի Ֆրիան,,1958.0,1958.0,Երևան,ՀՍՍՌ ԳԱ հրատ․,hy,Պարսկական գրականություն,https://arar.sci.am/dlibra/publication/406292/edition/375370
374240,405375,374240,Արփիար Արփիարյան,"Ստեփանյան, Գ․ Խ․",1955.0,1955.0,Երևան,ՀՍՍՌ ԳԱ հրատ․,hy,Հայ գրականագիտություն Հայ գրողներ,https://arar.sci.am/dlibra/publication/405375/edition/374240
420262,452608,420262,Արփիար Արփիարյան,"Մուրադյան, Լաուրա Գուրգենի",1991.0,1991.0,Երևան,ՀԳԱ հրատ.,hy,Հայ գրականագիտություն Հայ գրողների կյանքն ու գրական գործունեությունը,https://arar.sci.am/dlibra/publication/452608/edition/420262
396178,428258,396178,Բանաստեղծությունը և արդիականությունը,,1976.0,1976.0,Երևան,ՀՍՍՀ ԳԱ հրատ.,hy,Հայ գրականագիտություն,https://arar.sci.am/dlibra/publication/428258/edition/396178
403669,435560,403669,Բանաստեղծություններ,"Թումանյան, Հովհաննես",2018.0,2018.0,Երևան,ՀՀ ԳԱԱ հրատ.,hy,Հայ գրականություն Երկերի լիակատար ժողովածու,https://arar.sci.am/dlibra/publication/435560/edition/403669
403346,435465,403346,Բանաստեղծություններ,"Իսահակյան, Ավետիք",2003.0,2003.0,Երևան,ՀՀ ԳԱԱ «Գիտություն» հրատ.,hy,Հայ գրականություն Երկերի ժողովածու,https://arar.sci.am/dlibra/publication/435465/edition/403346
398842,431653,398842,Բանաստեղծություններ,Ներսես Մոկացի,1975.0,1975.0,Երևան,ՀՍՍՀ ԳԱ հրատ.,hy,Հայ գրականություն Բանաստեղծություններ,https://arar.sci.am/dlibra/publication/431653/edition/398842
402699,434952,402699,Բանաստեղծություններ ; Արձակ էջեր ; Պիեսներ ; Նամակներ,"Կուրղինյան, Շուշանիկ",1981.0,1981.0,Երևան,Հայկական ՍՍՀ ԳԱ հրատ.,hy,Շուշանիկ Կուրղինյան Հայ գրականություն Ժողովածու,https://arar.sci.am/dlibra/publication/434952/edition/402699
401355,434251,401355,Բանաստեղծություններ ; Պոեմներ ; Պատմվածքներ ; Երգիծական էջեր,Րաֆֆի,1983.0,1983.0,Երևան,Սովետական գրող,hy,Հայ գրականություն Երկերի ժողովածու,https://arar.sci.am/dlibra/publication/434251/edition/401355
389820,422395,389820,Բարսեղ Կեսարացին և նրա «Վեցօրեան» հայ մատենագրության մեջ,"Մուրադյան, Կ. Մ.",1976.0,1976.0,Երևան,ՀՍՍՀ ԳԱ հրատ.,hy,Հայ գրականագիտություն Բարսեղ Կեսարացի,https://arar.sci.am/dlibra/publication/422395/edition/389820
402731,434981,402731,Գեղարվեստական մեթոդ և գրական պրոցես,,1990.0,1990.0,Երևան,ՀԽՍՀ ԳԱ հրատ.,hy,Հայ գրականագիտություն Գեղարվեստական մեթոդ,https://arar.sci.am/dlibra/publication/434981/edition/402731
375379,406295,375379,Գուրգեն Մահարի,"Աղաբաբյան, Ս. Բ.",1959.0,1959.0,Երևան,ՀՍՍՌ ԳԱ հրատ.,hy,Գուրգեն Մահարի Հայ գրականագիտություն Հայ գրողների կյանքն ու գործունեությունը,https://arar.sci.am/dlibra/publication/406295/edition/375379
402732,434982,402732,Գուրգեն Մահարի,"Բոդոսյան, Սիլվա",1981.0,1981.0,Երևան,ՀՍՍՀ ԳԱ հրատ.,hy,Գուրգեն Մահարի Հայ գրականագիտություն Մենագրություն Հայ գրողների կյանքն ու գործունեությունը,https://arar.sci.am/dlibra/publication/434982/edition/402732
399611,432748,399611,Գրականագիտական աշխատություններ,"Շանթ, Լևոն",2012.0,2012.0,,ՀՀ ԳԱԱ «Գիտություն» հրատ.,hy,Հայ գրականություն Երկերի ժողովածու,https://arar.sci.am/dlibra/publication/432748/edition/399611
389822,422412,389822,Գրական դեմքեր,,1976.0,1976.0,Երևան,Հայկական ՍՍՀ ԳԱ հրատ․,hy,Հայ գրականագիտություն Հայ գրողների կյանքն ու գործունեությունը,https://arar.sci.am/dlibra/publication/422412/edition/389822
408188,442056,408188,"Գրական դեմքեր, 2",,1988.0,1988.0,Երևան,ՀՍՍՀ ԳԱ հրատ.,hy,Հայ գրողների կյանքն ու գրական գործունեությունը Գրականություն,https://arar.sci.am/dlibra/publication/442056/edition/408188
399488,432601,399488,Գրական ժանրեր,"Ջրբաշյան, Էդ. ; Փանյան, Յու․ ; Մարգարյան, Հ․ ; Մարգունի, Հ․",1973.0,1973.0,Երևան,Հայկական ՍՍՀ ԳԱ հրատ.,hy,Գրականության տեսություն,https://arar.sci.am/dlibra/publication/432601/edition/399488
374251,405386,374251,Գրականության մասին,"Շահումյան, Ստեփան",1948.0,1948.0,Երևան,ՀՍՍՌ ԳԱ հրատ․,hy ; ru,Հայ գրականագիտություն Ռուս գրականագիտություն,https://arar.sci.am/dlibra/publication/405386/edition/374251
376269,407141,376269,Գրականության մասին,"Բակունց, Ակսել",1959.0,1959.0,Երևան,Հայպետհրատ,hy,Հայ գրականագիտություն,https://arar.sci.am/dlibra/publication/407141/edition/376269
375373,406294,375373,Գրականության մասին,Րաֆֆի,1958.0,1958.0,Երևան,ՀՍՍՌ ԳԱ հրատ.,hy,Հայ գրականագիտություն Հայ անվանի գրողներ,https://arar.sci.am/dlibra/publication/406294/edition/375373
375372,406293,375372,Գրականության մասին,"Չարենց, Եղիշե",1957.0,1957.0,Երևան,ՀՍՍՌ ԳԱ հրատ.,hy,Հայ գրականագիտություն Գրականության տեսություն,https://arar.sci.am/dlibra/publication/406293/edition/375372
409145,443102,409145,"Գրական սփյուռք, Թիւ 1",,2010.0,2010.0,,ՀՀ ԳԱԱ Մ. Աբեղյանի անվան գրականության ինստիտուտ,hy,Սփյուռքահայ գրականություն,https://arar.sci.am/dlibra/publication/443102/edition/409145
399603,432719,399603,"Գրական սփյուռք, Թիւ 2",,2011.0,2011.0,,ՀՀ ԳԱԱ Մ. Աբեղյանի անվան գրականության ինստիտուտ,hy,Սփյուռքահայ գրականություն,https://arar.sci.am/dlibra/publication/432719/edition/399603
399601,432690,399601,"Գրական սփյուռք, Թիւ 4",,2014.0,2014.0,,ՀՀ ԳԱԱ Մ. Աբեղյանի անվան գրականության ինստիտուտ,hy,Սփյուռքահայ գրականություն,https://arar.sci.am/dlibra/publication/432690/edition/399601
379318,410443,379318,Գրական-քննադատական հոդվածներ,"Կարինյան, Ա. Բ.",1962.0,1962.0,,ՀՍՍՌ ԳԱ հրատ.,hy,Գրականագիտություն Հոդվածներ Համաշխարհային գրականության պատմություն,https://arar.sci.am/dlibra/publication/410443/edition/379318
379456,410542,379456,Գրիգորիս Աղթամարցի,,1963.0,1963.0,Երևան,ՀՍՍՌ ԳԱ հրատ.,hy,Գրիգորիս Աղթամարցի Հայ գրականություն,https://arar.sci.am/dlibra/publication/410542/edition/379456
382369,413797,382369,Դանիել Վարուժանի կյանքի և ստեղծագործության տարեգրություն,"Շարուրյան, Ա. Ս.",1984.0,1984.0,Երևան,ՀՍՍՀ ԳԱ հրատ.,hy,Գրականագիտություն Կենսագրություն Դանիել Վարուժան,https://arar.sci.am/dlibra/publication/413797/edition/382369
422031,454556,422031,Դավիթ Բեկ ; Պարույր Հայկազն,Րաֆֆի,1985.0,1985.0,Երևան,Սովետական գրող,hy,Հայ գրականություն Երկերի ժողովածու,https://arar.sci.am/dlibra/publication/454556/edition/422031
377449,408189,377449,Դերենիկ Դեմիրճյան,"Մուրադյան, Հրայր",1961.0,1961.0,Երևան,ՀՍՍՌ ԳԱ հրատ.,հy,Հայ գրականագիտություն Հայ գրողներ Դերենիկ Դեմիրճյան,https://arar.sci.am/dlibra/publication/408189/edition/377449
390296,423104,390296,Դերենիկ Դեմիրճյանի ստեղծագործությունը,,1980.0,1980.0,Երևան,Հայկական ՍՍՀ ԳԱ հրատ.,hy,Դերենիկ Դեմիրճյան Ստեղծագործություն Հայ գրականագիտություն Հայ գրողներ,https://arar.sci.am/dlibra/publication/423104/edition/390296
402284,434599,402284,Դրվագներ հայ բանագիտության պատմության,"Ղանալանյան, Արամ",1985.0,1985.0,Երևան,ՀՍՍՀ ԳԱ հրատ.,hy,Բանագիտություն Հայ բանագիտության պատմություն,https://arar.sci.am/dlibra/publication/434599/edition/402284
424430,457570,424430,"Եղիշե Չարենց, Գիրք 1","Զաքարյան, Ալմաստ",1997.0,1997.0,Երևան,ՀՀ ԳԱԱ հրատ.,hy,Հայ գրականագիտություն Հայ գրողների կյանքն ու գրական գործունեությունը,https://arar.sci.am/dlibra/publication/457570/edition/424430
423247,455909,423247,"Եղիշե Չարենց, Գիրք 2","Զաքարյան, Ալմաստ",2003.0,2003.0,Երևան,ՀԳՄ հրատ․,hy,Հայ գրականագիտություն Հայ գրողների կյանքն ու գրական գործունեությունը,https://arar.sci.am/dlibra/publication/455909/edition/423247
399599,432663,399599,"Եղիշե Չարենց, Գիրք 3","Զաքարյան, Ալմաստ",2008.0,2008.0,,«Ֆենոմեն» հրատ.,hy,Հայ գրականագիտություն Հայ գրողների կյանքն ու գրական գործունեությունը,https://arar.sci.am/dlibra/publication/432663/edition/399599
383526,415315,383526,"Եղիշե Չարենց, Գիրք առաջին","Աղաբաբյան, Ս. Բ.",1973.0,1973.0,Երևան,ՀՍՍՀ ԳԱ հրատ.,hy,Հայ գրականագիտություն Հայ գրողների կյանքն ու գործունեությունը,https://arar.sci.am/dlibra/publication/415315/edition/383526
383553,415316,383553,"Եղիշե Չարենց, Գիրք երկրորդ","Աղաբաբյան, Ս. Բ.",1977.0,1977.0,Երևան,ՀՍՍՀ ԳԱ հրատ.,hy,Հայ գրականագիտություն Հայ գրողների կյանքն ու գործունեությունը,https://arar.sci.am/dlibra/publication/415316/edition/383553
408625,442578,408625,Եղիշե Չարենցը և 1920-ական թվականների սովետահայ պոեզիան,"Գասպարյան, Դավիթ",1983.0,1983.0,Երևան,ՀՍՍՀ ԳԱ հրատ.,hy,Հայ գրականագիտություն Սովետահայ պոեզիա Հայ գրողների կյանքն ու գրական գործունեությունը,https://arar.sci.am/dlibra/publication/442578/edition/408625
376468,407418,376468,Երեմիա Քյոմուրճյան,"Սահակյան, Հ․ Ս․",1964.0,1964.0,Երևան,ՀՍՍՌ ԳԱ հրատ.,hy,Երեմիա Քյոմուրճյան Հայ գրականագիտություն,https://arar.sci.am/dlibra/publication/407418/edition/376468
396147,428244,396147,"Երկեր, 1","Բակունց, Ակսել",1976.0,1976.0,,ՀՍՍՀ ԳԱ հրատ.,hy,Հայ գրականություն Երկերի ժողովածու,https://arar.sci.am/dlibra/publication/428244/edition/396147
398590,430804,398590,"Երկեր, 2","Բակունց, Ակսել",1979.0,1979.0,,ՀՍՍՀ ԳԱ հրատ.,hy,Հայ գրականություն Երկերի ժողովածու,https://arar.sci.am/dlibra/publication/430804/edition/398590
396877,428857,396877,"Երկեր, 3","Բակունց, Ակսել",1982.0,1982.0,,ՀՍՍՀ ԳԱ հրատ.,hy,Հայ գրականություն Երկերի ժողովածու,https://arar.sci.am/dlibra/publication/428857/edition/396877
401349,434140,401349,"Երկեր, 4","Բակունց, Ակսել",1984.0,1984.0,Երևան,ՀՍՍՀ ԳԱ հրատ.,hy,Հայ գրականություն Երկերի ժողովածու,https://arar.sci.am/dlibra/publication/434140/edition/401349
400639,433916,400639,Երկերի ժողովածու,Ջավախեցի (Ղազարոս Տեր-Գրիգորյան),2016.0,2016.0,Երևան,Տիգրան Մեծ,hy,Հայ գրականություն Երկերի ժողովածուներ,https://arar.sci.am/dlibra/publication/433916/edition/400639
398599,430985,398599,"Երկերի ժողովածու, 1","Դեմիրճյան, Դերենիկ",1976.0,1976.0,Երևան,ՀՍՍՀ ԳԱ հրատ.,hy,Հայ գրականություն Երկերի ժողովածու,https://arar.sci.am/dlibra/publication/430985/edition/398599
395182,426951,395182,"Երկերի ժողովածու, 10","Դեմիրճյան, Դերենիկ",1985.0,1985.0,,ՀՍՍՀ ԳԱ հրատ.,hy,Հայ գրականություն Երկերի ժողովածու,https://arar.sci.am/dlibra/publication/426951/edition/395182
399258,432167,399258,"Երկերի ժողովածու, 11","Դեմիրճյան, Դերենիկ",1985.0,1985.0,Երևան,ՀՍՍՀ ԳԱ հրատ.,hy,Հայ գրականություն Երկերի ժողովածու,https://arar.sci.am/dlibra/publication/432167/edition/399258
398606,431056,398606,"Երկերի ժողովածու, 12","Դեմիրճյան, Դերենիկ",1985.0,1985.0,Երևան,ՀՍՍՀ ԳԱ հրատ.,hy,Հայ գրականություն Երկերի ժողովածու,https://arar.sci.am/dlibra/publication/431056/edition/398606
398602,431013,398602,"Երկերի ժողովածու, 13","Դեմիրճյան, Դերենիկ",1983.0,1983.0,,ՀՍՍՀ ԳԱ հրատ.,hy,Հայ գրականություն Երկերի ժողովածու,https://arar.sci.am/dlibra/publication/431013/edition/398602
422981,455682,422981,"Երկերի ժողովածու, 14","Դեմիրճյան, Դերենիկ",1987.0,1987.0,Երևան,ՀՍՍՀ ԳԱ հրատ.,hy,Հայ գրականություն Երկերի ժողովածու,https://arar.sci.am/dlibra/publication/455682/edition/422981
395031,426926,395031,"Երկերի ժողովածու, 2","Դեմիրճյան, Դերենիկ",1977.0,1977.0,Երևան,ՀՍՍՀ ԳԱ հրատ.,hy,Հայ գրականություն Երկերի ժողովածու,https://arar.sci.am/dlibra/publication/426926/edition/395031
398605,431041,398605,"Երկերի ժողովածու, 3","Դեմիրճյան, Դերենիկ",1977.0,1977.0,,ՀՍՍՀ ԳԱ հրատ.,hy,Հայ գրականություն Երկերի ժողովածու,https://arar.sci.am/dlibra/publication/431041/edition/398605
389803,422389,389803,"Երկերի ժողովածու, 3","Հակոբյան, Հակոբ",1958.0,1958.0,,ՀՍՍՌ ԳԱ հրատ.,hy,Հայ գրականություն,https://arar.sci.am/dlibra/publication/422389/edition/389803
398591,430808,398591,"Երկերի ժողովածու, 4","Դեմիրճյան, Դերենիկ",1978.0,1978.0,,ՀՍՍՀ ԳԱ հրատ.,hy,Հայ գրականություն Երկերի ժողովածու,https://arar.sci.am/dlibra/publication/430808/edition/398591
422980,455681,422980,"Երկերի ժողովածու, 5","Դեմիրճյան, Դերենիկ",1982.0,1982.0,Երևան,ՀՍՍՀ ԳԱ հրատ.,hy,Հայ գրականություն Երկերի ժողովածու,https://arar.sci.am/dlibra/publication/455681/edition/422980
422628,455267,422628,"Երկերի ժողովածու, 6","Դեմիրճյան, Դերենիկ",1982.0,1982.0,Երևան,ՀՍՍՀ ԳԱ հրատ.,hy,Հայ գրականություն Երկերի ժողովածու,https://arar.sci.am/dlibra/publication/455267/edition/422628
401351,434152,401351,"Երկերի ժողովածու, 7","Դեմիրճյան, Դերենիկ",1983.0,1983.0,Երևան,ՀՍՍՀ ԳԱ հրատ.,hy,Հայ գրականություն Երկերի ժողովածու,https://arar.sci.am/dlibra/publication/434152/edition/401351
424150,456935,424150,"Երկերի ժողովածու, 8","Դեմիրճյան, Դերենիկ",1983.0,1983.0,Երևան,ՀՍՍՀ ԳԱ հրատ.,hy,Հայ գրականություն Երկերի ժողովածու,https://arar.sci.am/dlibra/publication/456935/edition/424150
398604,431031,398604,Երկերի ժողովածու 9,"Դեմիրճյան, Դերենիկ",1983.0,1983.0,,ՀՍՍՀ ԳԱ հրատ.,hy,Հայ գրականություն Երկերի ժողովածու,https://arar.sci.am/dlibra/publication/431031/edition/398604
383761,415321,383761,"Երկերի ժողովածու, հատոր 1","Չարենց, Եղիշե",1962.0,1962.0,Երևան,ՀՍՍՌ ԳԱ հրատ.,hy,Հայ գրականություն Երկերի ժողովածու,https://arar.sci.am/dlibra/publication/415321/edition/383761
377003,407739,377003,"Երկերի ժողովածու, հատոր 1","Հովհաննիսյան, Հովհաննես",1964.0,1964.0,Երևան,ՀՍՍՌ ԳԱ հրատ.,hy,Հայ գրականություն Երկերի ժողովածու,https://arar.sci.am/dlibra/publication/407739/edition/377003
402188,434526,402188,"Երկերի ժողովածու, Հատոր 1","Դուրյան, Պետրոս",1971.0,1971.0,Երևան,ՀՍՍՀ ԳԱ հրատ.,,Արևմտահայ գրականություն Երկերի ժողովածու,https://arar.sci.am/dlibra/publication/434526/edition/402188
377428,408178,377428,"Երկերի ժողովածու, հատոր 2","Հովհաննիսյան, Հովհաննես",1964.0,1964.0,Երևան,ՀՍՍՌ ԳԱ հրատ.,hy,Հայ գրականություն Երկերի ժողովածու,https://arar.sci.am/dlibra/publication/408178/edition/377428
383778,415323,383778,"Երկերի ժողովածու, հատոր 2","Չարենց, Եղիշե",1963.0,1963.0,Երևան,,hy,Հայ գրականություն Երկերի ժողովածու,https://arar.sci.am/dlibra/publication/415323/edition/383778
399609,432741,399609,"Երկերի ժողովածու, Հատոր 2","Դուրյան, Պետրոս",1972.0,1972.0,Երևան,ՀՍՍՀ ԳԱ հրատ.,,Արևմտահայ գրականություն Երկերի ժողովածու,https://arar.sci.am/dlibra/publication/432741/edition/399609
383925,415609,383925,"Երկերի ժողովածու, հատոր 3","Չարենց, Եղիշե",1964.0,1964.0,Երևան,ՀՍՍՌ ԳԱ հրատ.,hy,Հայ գրականություն Երկերի ժողովածու,https://arar.sci.am/dlibra/publication/415609/edition/383925
378270,409359,378270,"Երկերի ժողովածու, հատոր 3","Հովհաննիսյան, Հովհաննես",1965.0,1965.0,Երևան,ՀՍՍՌ ԳԱ հրատ.,hy,Հայ գրականություն Երկերի ժողովածու,https://arar.sci.am/dlibra/publication/409359/edition/378270
383933,415618,383933,"Երկերի ժողովածու, հատոր 4","Չարենց, Եղիշե",1968.0,1968.0,Երևան,ՀՍՍՀ ԳԱ հրատ.,hy,Հայ գրականություն Երկերի ժողովածու,https://arar.sci.am/dlibra/publication/415618/edition/383933
379285,410436,379285,"Երկերի ժողովածու, հատոր 4","Հովհաննիսյան, Հովհաննես",1968.0,1968.0,Երևան,ՀՍՍՌ ԳԱ հրատ.,hy,Հայ գրականություն Երկերի ժողովածու,https://arar.sci.am/dlibra/publication/410436/edition/379285
383943,415619,383943,"Երկերի ժողովածու, հատոր 5","Չարենց, Եղիշե",1966.0,1966.0,Երևան,ՀՍՍՌ ԳԱԱ հրատ.,hy,Հայ գրականություն Երկերի ժողովածու,https://arar.sci.am/dlibra/publication/415619/edition/383943
383957,415620,383957,"Երկերի ժողովածու, հատոր 6","Չարենց, Եղիշե",1967.0,1967.0,Երևան,ՀՍՍՀ ԳԱԱ հրատ.,hy,Հայ գրականություն Երկերի ժողովածու,https://arar.sci.am/dlibra/publication/415620/edition/383957
387758,419705,387758,"Երկերի լիակատար ժողովածու, 1","Նալբանդյան, Միքայել",1945.0,1945.0,Երևան,Հայկական ՍՍՌ ԳԱ հրատ.,hy,Գրականություն,https://arar.sci.am/dlibra/publication/419705/edition/387758
375927,406675,375927,"Երկերի լիակատար ժողովածու, 2","Նալբանդյան, Միքայել",1947.0,1947.0,Երևան,Հայկական ՍՍՌ ԳԱ հրատ.,hy,Գրականություն,https://arar.sci.am/dlibra/publication/406675/edition/375927
375928,406676,375928,"Երկերի լիակատար ժողովածու, 3","Նալբանդյան, Միքայել",1940.0,1940.0,Յերևան,Արմֆան հրատ.,hy,Գրականություն,https://arar.sci.am/dlibra/publication/406676/edition/375928
360316,389567,360316,"Երկերի լիակատար ժողովածու, 4","Նալբանդյան, Միքայել",1949.0,1949.0,Երևան,Հայկական ՍՍՌ ԳԱ հրատ.,hy,Գրականություն,https://arar.sci.am/dlibra/publication/389567/edition/360316
392543,425156,392543,"Երկերի լիակատար ժողովածու, Հատոր 1","Սունդուկյան, Գաբրիել",1951.0,1951.0,Երևան,ՀՍՍՌ ԳԱ հրատ.,hy,Հայ գրականություն Երկերի ժողովածու,https://arar.sci.am/dlibra/publication/425156/edition/392543
376272,407144,376272,Էջեր հայ միջնադարյան գեղարվեստական արձակից,,1957.0,1957.0,Երևան,ՀՍՍՌ ԳԱ հրատ.,hy,Հայ գրականագիտություն,https://arar.sci.am/dlibra/publication/407144/edition/376272
399608,432739,399608,Ընդհանուր ակնարկ մը բանահյուսության վրա,"Շանթ, Լևոն",2013.0,2013.0,,ՀՀ ԳԱԱ «Գիտություն» հրատ.,hy,Հայ գրականություն Երկերի ժողովածու,https://arar.sci.am/dlibra/publication/432739/edition/399608
402295,434624,402295,Ընկերաբանական և գիտական աշխատություններ,"Շանթ, Լևոն",2016.0,2016.0,Երևան,ՀՀ ԳԱԱ «Գիտություն» հրատ.,hy,Հայ գրականություն Երկերի ժողովածու,https://arar.sci.am/dlibra/publication/434624/edition/402295
375218,406227,375218,Ընտիր երկեր,"Նալբանդյան, Միքայել",1953.0,1953.0,Երևան,ՀՍՍՌ ԳԱ հրատ.,hy,Հայ գրականություն,https://arar.sci.am/dlibra/publication/406227/edition/375218
401173,434116,401173,Թումանյան,"Ջրբաշյան, Էդվարդ",1988.0,1988.0,Երևան,ՀՍՍՀ ԳԱ հրատ.,hy,Հայ գրականագիտություն Հովհաննես Թումանյան,https://arar.sci.am/dlibra/publication/434116/edition/401173
422999,455705,422999,Թումանյանը և հայ գրականության ավանդույթները,"Ջրբաշյան, Էդվարդ Մկրտչի",1994.0,1994.0,Երևան,ՀՀ ԳԱԱ «Գիտություն» հրատ․,hy,Հայ գրականագիտություն Հովհաննես Թումանյան,https://arar.sci.am/dlibra/publication/455705/edition/422999
408243,442257,408243,Թումանյանը և հայ գրողների կովկասյան ընկերությունը,"Հովհաննիսյան, Սուսաննա",2007.0,2007.0,Երևան,ՀՀ ԳԱԱ «Գիտություն» հրատ.,hy,Հայ գրականություն Հովհաննես Թումանյան,https://arar.sci.am/dlibra/publication/442257/edition/408243
378252,409346,378252,Թումանյանը ժամանակակիցների հուշերում,,1969.0,1969.0,Երևան,ՀՍՍՀ ԳԱ հրատ.,hy,Հայ գրականագիտություն Հովհաննես Թումանյան Հուշեր,https://arar.sci.am/dlibra/publication/409346/edition/378252
418548,450931,418548,"Թումանյանը ժամանակակիցների հուշերում, Հատոր I",,2019.0,2019.0,Երևան,ՀՍՍՀ ԳԱ հրատ․,hy,Հայ գրողների կյանքն ու գործունեությունը Հուշագրություն,https://arar.sci.am/dlibra/publication/450931/edition/418548
408752,442817,408752,"Թումանյանը ժամանակակիցների հուշերում, Հատոր II",,2020.0,2020.0,Երևան,Հովհաննես Թումանյանի տուն թանգարան,hy,Հայ գրողների կյանքն ու գործունեությունը Հուշագրություն,https://arar.sci.am/dlibra/publication/442817/edition/408752
395027,426922,395027,Թումանյանի գրական ժառանգությունը,"Ջրբաշյան, Էդվարդ",2000.0,2000.0,Երևան,ՀՀ ԳԱԱ «Գիտություն» հրատ.,hy,Հովհաննես Թումանյան Հայ գրողներ Հայ գրականագիտություն,https://arar.sci.am/dlibra/publication/426922/edition/395027
390060,422652,390060,Թումանյանի ստեղծագործական լաբորատորիան,"Ավետիսյան, Զավեն",1973.0,1973.0,Երևան,Հայկական ՍՍՀ ԳԱ հրատ.,hy,Հովհաննես Թումանյան Հայ գրողների կյանքն ու գործունեությունը Հայ գրականագիտություն Հայ անվանի գրողներ,https://arar.sci.am/dlibra/publication/422652/edition/390060
376335,407205,376335,Ժամանակակից գրականության հարցեր,,1963.0,1963.0,Երևան,ՀՍՍՌ ԳԱ հրատ.,hy,Հայ գրականագիտություն,https://arar.sci.am/dlibra/publication/407205/edition/376335
399482,432570,399482,Ժամանակակից հայ արձակը,,1981.0,1981.0,Երևան,Հայկական ՍՍՀ ԳԱ հրատ․,hy,Հայ գրականագիտություն,https://arar.sci.am/dlibra/publication/432570/edition/399482
391287,423773,391287,Ժամանակակից սովետահայ վեպը,"Ղուկասյան, Զ․",1964.0,1964.0,Երևան,ՀՍՍՌ ԳԱ հրատ.,hy,Հայ գրականագիտություն,https://arar.sci.am/dlibra/publication/423773/edition/391287
376306,407164,376306,Ժողովուրդների բարեկամության արտացոլումը սովետահայ գրականության մեջ,"Մանուկյան, Ս․",1956.0,1956.0,Երևան,ՀՍՍՌ ԳԱ հրատ.,hy,Հայ գրականագիտություն,https://arar.sci.am/dlibra/publication/407164/edition/376306
408219,442242,408219,Իլյա Էրենբուրգի թիֆլիսյան օրերը,"Զաքարյան, Անուշավան",2012.0,2012.0,Երևան,Հեղ. հրատ.,hy; ru,Ռուս գրողների կյանքն ու գործունեությունը Իլյա Էրենբուրգ,https://arar.sci.am/dlibra/publication/442242/edition/408219
391305,423778,391305,Իսահակյանը և ժողովրդական էպոսը,"Աբեղյան, Հասմիկ",1975.0,1975.0,Երևան,ՀՍՍՀ ԳԱ հրատ.,hy,Հայ գրականագիտություն Հայ անվանի գրողներ Ավետիք Իսահակյան,https://arar.sci.am/dlibra/publication/423778/edition/391305
421814,454250,421814,Լեհահայության մշակութային կյանքը և գրականությունը XIV-XIX դարերում,"Բարսեղյան, Բելլա",1992.0,1992.0,Երևան,Հայաստանի ԳԱ հրատ.,hy,Հայ գաղթօջախներ Լեհաստան Մշակութային կյանք Հայ գրականություն,https://arar.sci.am/dlibra/publication/454250/edition/421814
374262,405395,374262,Լենինը հայ ֆոլկլորի մեջ,,1936.0,1936.0,Յերևան,Պետական հրատարակչություն,hy,Կուսակցական գործիչներ Հայ բանահյուսություն,https://arar.sci.am/dlibra/publication/405395/edition/374262
376390,407249,376390,Լեոյի գեղարվեստական ստեղծագործությունը,"Օհանյան, Ա. Կ.",1969.0,1969.0,Երևան,ՀՍՍՀ ԳԱ հրատ.,,"Լեո, 1860-1932 Հայ գրականագիտություն Մենագրություն Հայ գրողների կյանքն ու գործունեությունը",https://arar.sci.am/dlibra/publication/407249/edition/376390
376382,407241,376382,Լերմոնտովը և հայ մշակույթը,"Դանիելյան, Ս․",1960.0,1960.0,Երևան,ՀՍՍՌ ԳԱ հրատ.,hy,Հայ գրականագիտություն,https://arar.sci.am/dlibra/publication/407241/edition/376382
375849,406594,375849,Լևոն Բաշալյան,"Մանուկյան, Ս. Ա.",1969.0,1969.0,Երևան,ՀՍՍՀ ԳԱ հրատ.,hy,Հայ գրականություն,https://arar.sci.am/dlibra/publication/406594/edition/375849
376415,407275,376415,Խաղեր,Սայաթ-Նովա,1963.0,1963.0,Երևան,,hy,Հայ գրականություն Պոեզիա,https://arar.sci.am/dlibra/publication/407275/edition/376415
418128,450529,418128,Խաչագողի հիշատակարանը ; Կայծեր,Րաֆֆի,1985.0,1985.0,Երևան,Սովետական գրող,hy,Հայ գրականություն Երկերի ժողովածու,https://arar.sci.am/dlibra/publication/450529/edition/418128
374238,405373,374238,Խաչատուր Աբովյան,"Պարտիզունի, Վ․",1952.0,1952.0,Երևան,Հայպետհրատ․,hy,Հայ գրականագիտություն Հայ գրողներ,https://arar.sci.am/dlibra/publication/405373/edition/374238
376338,407215,376338,Խաչատուր Աբովյան,"Հակոբյան, Պ. Հ.",1967.0,1967.0,Երևան,ՀՍՍՀ ԳԱ հրատ.,hy,Հայ գրականագիտություն Հայ անվանի գրողներ Խաչատուր Աբովյան,https://arar.sci.am/dlibra/publication/407215/edition/376338
399631,432812,399631,Խաչատուր Աբովյանի կենսագրության առեղծվածները,"Հակոբյան, Պ. Հ.",1997.0,1997.0,Էջմիածին,Մայր Աթոռ Սուրբ Էջմիածին,hy,Հայ գրականություն Հայ գրողների կյանքն ու գործունեությունը,https://arar.sci.am/dlibra/publication/432812/edition/399631
388012,419807,388012,Խաչատուր Աբովյանի կենսագրությունը,"Շահազիզ, Երվանդ",1945.0,1945.0,Երևան,ՀՍՍՌ ԳԱ հրատ․,hy,Հայ գրողներ Կյանքն ու գործունեությունը,https://arar.sci.am/dlibra/publication/419807/edition/388012
375401,406310,375401,Խաչատուր Աբովյանի «Վերք Հայաստանի» վեպի ստեղծագործական պատմությունը,"Հակոբյան, Պ․",1955.0,1955.0,Երևան,ՀՍՍՌ ԳԱ հրատ.,hy,Խաչատուր Աբովյան Հայ գրականագիտություն,https://arar.sci.am/dlibra/publication/406310/edition/375401
376246,407135,376246,Խաչատուր Կեչառեցի XIII-XIVդդ.,"Ավդալբեգյան, Մայիս",1958.0,1958.0,Երևան,ՀՍՍՌ ԳԱ հրատ.,hy,Հայ գրականագիտություն Խաչատուր Կեչառեցի,https://arar.sci.am/dlibra/publication/407135/edition/376246
408770,442819,408770,Խոսքի տարածություն,"Նիկողոսյան, Արքմենիկ",2015.0,2015.0,Երևան,Անտարես հրատ.,hy,Հայ բանասիրություն Գրական քննադատություն,https://arar.sci.am/dlibra/publication/442819/edition/408770
395116,426947,395116,Խրատք Նուշիրուանի,,1966.0,1966.0,Երևան,ՀՍՍՌ ԳԱ հրատ.,hy ; ru,Գրականագիտություն Իրանական գրականություն Խրատ,https://arar.sci.am/dlibra/publication/426947/edition/395116
376456,407405,376456,Ծերենց,"Նանումյան, Ռուզան",1961.0,1961.0,Երևան,ՀՍՍՌ ԳԱ հրատ.,hy,"Ծերենց, 1822-1888 Հայ գրականագիտություն Հայ գրողներ",https://arar.sci.am/dlibra/publication/407405/edition/376456
403414,435469,403414,Ծերենց,"Նանումյան, Ռուզան",1986.0,1986.0,Երևան,Հայկական ՍՍՀ ԳԱ հրատ.,hy,"Ծերենց, 1822-1888 Հայ գրականագիտություն Հայ գրողների կյանքն ու գործունեությունը «Ակօս»",https://arar.sci.am/dlibra/publication/435469/edition/403414
402075,434521,402075,Կայծեր,Րաֆֆի,1986.0,1986.0,Երևան,Սովետական գրող,hy,Հայ գրականություն Երկերի ժողովածու,https://arar.sci.am/dlibra/publication/434521/edition/402075
376481,407431,376481,Կարապետ Սիտալ,"Սելյան, Պ․ Ա․",1961.0,1961.0,Երևան,ՀՍՍՌ ԳԱ հրատ.,hy,Հայ գրականագիտություն Կարապետ Սիտալ,https://arar.sci.am/dlibra/publication/407431/edition/376481
408220,442254,408220,Կինը 19-րդ դարավերջի հայ գրականության մեջ,"Քալոյան, Անժելա",2005.0,2005.0,Երևան,Ասողիկ հրատ.,hy,Հայ գրականագիտություն,https://arar.sci.am/dlibra/publication/442254/edition/408220
400620,433832,400620,Կրթությունը ընդհանրապես ; Ուսում և կրթություն դպրոցական,"Շանթ, Լևոն",2012.0,2012.0,,ՀՀ ԳԱԱ «Գիտություն» հրատ.,hy,Հայ գրականություն Երկերի ժողովածու,https://arar.sci.am/dlibra/publication/433832/edition/400620
400998,434072,400998,Հակոբ Կարապենց,"Քեշիշյան, Անահիտ Արամունի",1999.0,1999.0,Երևան,ՀՀ ԳԱԱ «Գիտություն» հրատ.,hy,Սփյուռքահայ գրողներ,https://arar.sci.am/dlibra/publication/434072/edition/400998
395349,427184,395349,Հակոբ Հակոբյան,"Մանուկյան, Ս․ Ա․",1975.0,1975.0,Երևան,ՀՍՍՀ ԳԱ հրատ.,hy,Հայ գրականագիտություն Հայ գրողների կյանքն ու գործունեությունը,https://arar.sci.am/dlibra/publication/427184/edition/395349
401761,434317,401761,Հակոբ Մնձուրի,"Սևան, Գեղամ",1981.0,1981.0,Երևան,ՀՍՍՀ ԳԱ հրատ.,hy,Հայ գրականագիտություն Սփյուռքահայ գրողներ,https://arar.sci.am/dlibra/publication/434317/edition/401761
377419,408171,377419,Հայ աշուղներ,,1961.0,1961.0,Երևան,ՀՍՍՌ ԳԱ հրատ.,hy,Հայ գրականություն Աշուղական երգարվեստ Հայ աշուղներ,https://arar.sci.am/dlibra/publication/408171/edition/377419
390298,423154,390298,Հայաստանի և հայ կուլտուրայի մասին,"Բրյուսով, Վալերի",1967.0,1967.0,Երևան,Հայկական ՍՍՀ ԳԱ հրատ.,hy,Հայկական մշակույթ Ռուս գրականագիտություն Բանաստեղծություններ Հոդվածներ Նամակներ,https://arar.sci.am/dlibra/publication/423154/edition/390298
408629,442582,408629,Հայաստանի և հայ կուլտուրայի մասին,"Էրենբուրգ, Իլյա",1988.0,1988.0,Երևան,ՀՍՍՀ ԳԱ հրատ.,hy,Հայաստան Հայ մշակույթ,https://arar.sci.am/dlibra/publication/442582/edition/408629
389823,422424,389823,Հայ-բուլղարական գրական կապերի պատմությունից,"Ճինգոզյան, Կ. Հ.",1966.0,1966.0,Երևան,Հայկական ՍՍՌ ԳԱ հրատ.,hy ; ru,Գրականագիտություն Գրական կապեր,https://arar.sci.am/dlibra/publication/422424/edition/389823
390062,422702,390062,Հայ գեղարվեստական արձակի սկզբնավորումը (V դար),"Ավդալբեգյան, Մայիս",1971.0,1971.0,Երևան,ՀՍՍՀ ԳԱ հրատ.,hy,Հայ գրականության պատմություն,https://arar.sci.am/dlibra/publication/422702/edition/390062
382195,413609,382195,Հայ գրականութեան պատմութիւն (XI-XIX դարի 30-ական թ.թ.),"Աբեղեան, Մանուկ",1959.0,1959.0,Պէյրութ,տպ. Սեւան,hy,Հայ գրականութեան պատմութիւն,https://arar.sci.am/dlibra/publication/413609/edition/382195
411507,445734,411507,Հայ գրականության ազգային առանձնահատկությունները,,2003.0,2003.0,Երևան,ՀՀ ԳԱԱ «Գիտություն» հրատ.,hy; ru,Հայ գրականության հետազոտություն,https://arar.sci.am/dlibra/publication/445734/edition/411507
403599,435508,403599,"Հայ գրականության միջազգային կապերը, Հատոր 1",,1983.0,1983.0,Երևան,ՀՍՍՀ ԳԱ հրատ.,hy,Հայ գրականություն Գրական կապեր,https://arar.sci.am/dlibra/publication/435508/edition/403599
408627,442580,408627,"Հայ գրականության միջազգային կապերը, Հատոր 2",,1987.0,1987.0,Երևան,ՀՍՍՀ ԳԱ հրատ.,hy,Հայ գրականություն Գրական կապեր,https://arar.sci.am/dlibra/publication/442580/edition/408627
375446,406333,375446,Հայ գրականության պատմություն,,1951.0,1951.0,Երևան,ՀՍՍՌ ԳԱ հրատ.,hy,Հայ գրականագիտություն Դասագրքեր,https://arar.sci.am/dlibra/publication/406333/edition/375446
375426,406330,375426,Հայ գրականության պատմություն,,1951.0,1951.0,Երևան,ՀՍՍՌ ԳԱ հրատ.,hy,Հայ գրականագիտություն Դասագրքեր,https://arar.sci.am/dlibra/publication/406330/edition/375426
375409,406311,375409,Հայ գրականության պատմություն,,1950.0,1950.0,Երևան,ՀՍՍՌ ԳԱ հրատ.,hy,Գրականագիտություն Հայ գրականության պատմություն,https://arar.sci.am/dlibra/publication/406311/edition/375409
379278,410421,379278,Հայ գրականություն,"Մկրյան, Մ. ; Զարյան, Ռ. ; Ստեփանյան, Գ. ; Մկրտչյան, Հ. ; Գրիգորյան, Գր. ; Պարտիզունի, Գր. ; Բազյան, Ս.",1954.0,1954.0,Երևան,ՀՍՍՌ ԳԱ հրատ.,hy,Հայ գրականություն Ձեռնարկ,https://arar.sci.am/dlibra/publication/410421/edition/379278
379520,410620,379520,Հայ գրականություն,,1954.0,1954.0,Երևան,ՀՍՍՌ ԳԱ հրատ.,hy,Հայ գրականություն Ձեռնարկ,https://arar.sci.am/dlibra/publication/410620/edition/379520
375383,406300,375383,Հայ գրականություն,,1955.0,1955.0,Երևան,ՀՍՍՌ ԳԱ հրատ.,hy,Հայ գրականություն Ձեռնարկ,https://arar.sci.am/dlibra/publication/406300/edition/375383
375245,406246,375245,Հայ գրականություն,,1955.0,1955.0,Երևան,ՀՍՍՌ ԳԱ հրատ.,hy,Հայ գրականություն Ձեռնարկ,https://arar.sci.am/dlibra/publication/406246/edition/375245
376373,407231,376373,Հայ գրականությունը և ռուսական առաջին ռևոլյուցիան,"Ասատրյան, Ասատուր",1956.0,1956.0,Երևան,ՀՍՍՌ ԳԱ հրատ.,hy,Հայ գրականագիտություն,https://arar.sci.am/dlibra/publication/407231/edition/376373
408217,442223,408217,Հայ գրականությունը և քրիստոնեությունը,,2002.0,2002.0,Երևան,ՀՀ ԳԱԱ «Գիտություն» հրատ.,hy,Հայ գրականություն Քրիստոնեություն,https://arar.sci.am/dlibra/publication/442223/edition/408217
398797,431583,398797,Հայ գրականությունը պատմա-գործառական լուսաբանությամբ,,1989.0,1989.0,Երևան,ՀՍՍՀ ԳԱ հրատ.,hy,Գրականագիտություն,https://arar.sci.am/dlibra/publication/431583/edition/398797
391302,423775,391302,Հայ գրողները գեղարվեստական թարգմանության մասին,,1985.0,1985.0,Երևան,ՀՍՍՀ ԳԱ հրատ.,hy,Հայ գրականագիտություն,https://arar.sci.am/dlibra/publication/423775/edition/391302
375386,406304,375386,Հայ գրողները և Վրաստանը,"Մելիքսեթ-Բեկ, Լ. Մ.",1964.0,1964.0,Երևան,,hy,Գրականագիտություն Գրական կապեր,https://arar.sci.am/dlibra/publication/406304/edition/375386
375381,406296,375381,Հայ դեմոկրատական մամուլի պատմությունից,"Իշխանյան, Ս. Թ.",1962.0,1962.0,Երևան,ՀՍՍՌ ԳԱ հրատ.,,Հայ մամուլի պատմություն,https://arar.sci.am/dlibra/publication/406296/edition/375381
419051,451367,419051,Հայելի վարուց,,1994.0,1994.0,Երևան,Հայաստանի ԳԱԱ հրատ.,hy,Բարոյախոսություն Հայ միջնադարյան գրականություն,https://arar.sci.am/dlibra/publication/451367/edition/419051
388062,420025,388062,Հայերեն խաղեր,Սայաթ-Նովա,1984.0,1984.0,Երևան,ՀՍՍՀ ԳԱ հրատ.,hy,Հայ գրականություն Երգարան,https://arar.sci.am/dlibra/publication/420025/edition/388062
377445,408183,377445,Հայ և ադրբեջանական ժողովուրդների բարեկամության արտացոլումը գրականության մեջ,Աքպեր Երևանլի,1955.0,1955.0,Երևան,ՀՍՍՌ ԳԱ հրատ.,hy,Հայ գրականագիտություն,https://arar.sci.am/dlibra/publication/408183/edition/377445
376281,407158,376281,Հայ ժողովրդական հանելուկներ,"Հարությունյան, Ս. Բ.",1960.0,1960.0,Երևան,ՀՍՍՌ ԳԱ հրատ.,hy,Բանահյուսություն Հանելուկ,https://arar.sci.am/dlibra/publication/407158/edition/376281
381402,412643,381402,Հայ ժողովրդական հերոսական էպոսը,"Գրիգորյան, Գր.",1960.0,1960.0,Երևան,ՀՍՍՌ ԳԱ հրատ.,hy,Հայկական ժողովրդական էպոս Բանահյուսություն Դյուցազներգություն,https://arar.sci.am/dlibra/publication/412643/edition/381402
377425,408174,377425,Հայ ժողովրդական պանդխտության երգեր,,1961.0,1961.0,Երևան,ՀՍՍՌ ԳԱ հրատ.,hy,Հայ գրականություն Երգարան,https://arar.sci.am/dlibra/publication/408174/edition/377425
379262,410403,379262,Հայ-իրանական գրական առնչություններ (V-XVIII դարերում),"Չուգասզյան, Բ. Լ.",1963.0,1963.0,Երևան,ՀՍՍՌ ԳԱ հրատ.,hy,Գրականագիտություն Գրական կապեր,https://arar.sci.am/dlibra/publication/410403/edition/379262
387760,419743,387760,Հայկական առածանի,"Ղանալանյան, Ա․ Տ․",1951.0,1951.0,Երևան,ՀՍՍՌ ԳԱ հրատ.,hy,Հայ ժողովրդական բանահյուսություն,https://arar.sci.am/dlibra/publication/419743/edition/387760
408280,442261,408280,Հայկական ռեալիզմի տեսության և պատմության հարցեր,,1983.0,1983.0,Երևան,ՀՍՍՀ ԳԱ հրատ․,hy,Հայ գրականագիտություն,https://arar.sci.am/dlibra/publication/442261/edition/408280
403670,435561,403670,Հայկական ռեալիզմի տեսության և պատմության հարցեր,,1987.0,1987.0,Երևան,ՀՍՍՀ ԳԱ հրատ.,hy,Հայ գրականագիտություն,https://arar.sci.am/dlibra/publication/435561/edition/403670
379942,411138,379942,Հայկական «Սասնա ծռեր» էպոսը և համաշխարհային էպիկական ժառանգությունը,,2004.0,2004.0,Երևան,,hy ; ru ; en,Հայ գրականություն Էպոս Բանահյուսություն Դյուցազներգություն,https://arar.sci.am/dlibra/publication/411138/edition/379942
395203,426952,395203,Հայ-հունգարական գրական առնչությունները և «Արմենիա» ամսագիրը,"Գևորգյան-Բագի, Էվա",1979.0,1979.0,Երևան,ՀՍՍՀ ԳԱ հրատ.,hy,Հայ գրականության պատմություն Հայ գրականագիտություն Գրական կապեր Հայ մամուլ,https://arar.sci.am/dlibra/publication/426952/edition/395203
419736,452077,419736,Հայ միջնադարյան գրականություն,"Նալբանդյան, Վ․ Ս․ ; Ներսիսյան, Վ. Ս. ; Բախչինյան, Հ. Գ.",1986.0,1986.0,Երևան,Սովետական գրող,hy,Հայ գրականագիտություն Միջնադարյան գրականություն,https://arar.sci.am/dlibra/publication/452077/edition/419736
391304,423777,391304,Հայ միջնադարյան զրույցներ,"Սրապյան, Արմենուհի",1969.0,1969.0,Երևան,ՀՍՍՀ ԳԱ հրատ.,hy,Հայ գրականագիտություն Միջնադարյան զրույցներ,https://arar.sci.am/dlibra/publication/423777/edition/391304
391303,423776,391303,Հայ միջնադարյան պատմական ողբեր (ԺԴ-ԺԷ դդ.),"Խաչատրյան, Պ. Մ.",1969.0,1969.0,Երևան,ՀՍՍՀ ԳԱ հրատ.,hy,Հայ ժողովրդական բանահյուսություն Ողբեր,https://arar.sci.am/dlibra/publication/423776/edition/391303
396160,428250,396160,Հայ միջնադարյան տաղերգության գեղարվեստական միջոցները,"Ներսիսյան, Վարագ",1976.0,1976.0,Երևան,Հայկական ՍՍՀ ԳԱ հրատ․,hy,Հայ գրականագիտություն Տաղերգություն,https://arar.sci.am/dlibra/publication/428250/edition/396160
384096,415647,384096,"Հայ նոր գրականության պատմություն, հատոր 1",,1962.0,1962.0,Երևան,ՀՍՍՌ ԳԱ հրատ.,hy,Հայ գրականագիտություն Հայ գրականության պատմություն,https://arar.sci.am/dlibra/publication/415647/edition/384096
384097,415648,384097,"Հայ նոր գրականության պատմություն, հատոր 2",,1962.0,1962.0,Երևան,ՀՍՍՌ ԳԱ հրատ.,hy,Հայ գրականագիտություն Հայ գրականության պատմություն,https://arar.sci.am/dlibra/publication/415648/edition/384097
384098,415650,384098,"Հայ նոր գրականության պատմություն, հատոր 3",,1964.0,1964.0,Երևան,ՀՍՍՌ ԳԱ հրատ.,hy,Հայ գրականագիտություն Հայ գրականության պատմություն,https://arar.sci.am/dlibra/publication/415650/edition/384098
384110,415653,384110,"Հայ նոր գրականության պատմություն, հատոր 4",,1972.0,1972.0,Երևան,ՀՍՍՌ ԳԱ հրատ.,hy,Հայ գրականագիտություն Հայ գրականության պատմություն,https://arar.sci.am/dlibra/publication/415653/edition/384110
384111,415654,384111,"Հայ նոր գրականության պատմություն, հատոր 5",,1979.0,1979.0,Երևան,ՀՍՍՀ ԳԱ հրատ.,hy,Հայ գրականագիտություն Հայ գրականության պատմություն,https://arar.sci.am/dlibra/publication/415654/edition/384111
408626,442579,408626,"Հայոց գրականության երկու դարը, Գ․ 6","Սարինյան, Սերգեյ",2016.0,2016.0,Երևան,Գրական Էտալոն,hy,Հայ գրականագիտություն,https://arar.sci.am/dlibra/publication/442579/edition/408626
388007,419781,388007,Հայոց հին գուսանական երգերը,"Գրիգորյան, Շ. Ս.",1971.0,1971.0,Երևան,Հայկական ՍՍՀ ԳԱ հրատ.,hy,Գուսանական արվեստ,https://arar.sci.am/dlibra/publication/419781/edition/388007
390259,423046,390259,Հայոց հին գրականութեան պատմութիւն,"Աբեղեան, Մանուկ",1959.0,1959.0,Պէյրութ,տպ․ Սեւան,hy,Հայ գրականության պատմութիւն,https://arar.sci.am/dlibra/publication/423046/edition/390259
379254,410386,379254,Հայոց հին գրականութեան պատմութիւն (Սկզբից մինչեւ X դար),"Աբեղեան, Մանուկ",1955.0,1955.0,Պէյրութ,տպ․ Սեւան,hy,Հայ գրականութեան պատմութիւն,https://arar.sci.am/dlibra/publication/410386/edition/379254
408630,442583,408630,Հայոց նորագույն գրականություն,"Եղիազարյան, Ազատ",2004.0,2004.0,Երևան,ՀՀ ԳԱԱ «Գիտություն» հրատ․,hy,Հայ գրականության պատմություն,https://arar.sci.am/dlibra/publication/442583/edition/408630
376999,407734,376999,Հայ պարբերական մամուլի պատմությունից,,1963.0,1963.0,Երևան,ՀՍՍՌ ԳԱ հրատ.,hy,Մամուլ Պարբերական հրատարակություններ,https://arar.sci.am/dlibra/publication/407734/edition/376999
375215,406224,375215,Հայ-ռուս գրական կապերի շուրջը,"Նանումյան, Ռուզան",1945.0,1945.0,Երևան,ՀՍՍՌ ԳԱ հրատ.,hy,Հայ գրականության պատմություն Հայ-ռուսական կապեր,https://arar.sci.am/dlibra/publication/406224/edition/375215
424215,457095,424215,"Հայ սովետական գրականության պատմություն, 1","Աղաբաբյան, Սուրեն Բարդուղի",1986.0,1986.0,Երևան,Հայկական ՍՍՀ ԳԱ հրատ.,hy,Հայ գրականագիտություն,https://arar.sci.am/dlibra/publication/457095/edition/424215
408628,442581,408628,Հայ սովետական պոեզիայի պատմություն 1920-1970,"Գասպարյան, Դ. ; Սաֆարյան, Վ․ ; Բոդոսյան, Ս.",1987.0,1987.0,Երևան,ՀՍՍՀ ԳԱ հրատ.,hy,Հայ գրականության պատմություն Սովետական պոեզիա,https://arar.sci.am/dlibra/publication/442581/edition/408628
402069,434520,402069,Հայ քննադատական միտքը 1920-ական թվականներին,"Գյուլնազարյան, Խ․ Մ.",1971.0,1971.0,Երևան,Հայկական ՍՍՀ ԳԱ հրատ.,hy,Հայ գրականագիտություն,https://arar.sci.am/dlibra/publication/434520/edition/402069
422988,455695,422988,"Հայ քննադատության պատմություն, 1",,1985.0,1985.0,Երևան,ՀՍՍՀ ԳԱ հրատ.,hy,Հայ քննադատության պատմություն,https://arar.sci.am/dlibra/publication/455695/edition/422988
424217,457097,424217,"Հայ քննադատության պատմություն, 2",,1998.0,1998.0,Երևան,ՀՀ ԳԱԱ «Գիտություն» հրատ,hy,Հայ քննադատության պատմություն,https://arar.sci.am/dlibra/publication/457097/edition/424217
403664,435555,403664,Հարություն Ալամդարյան,"Գևորգյան, Էլմիրա",1977.0,1977.0,Երևան,Հայկական ՍՍՀ ԳԱ հրատ.,hy,Հարություն Ալամդարյան Հայ գրականագիտություն,https://arar.sci.am/dlibra/publication/435555/edition/403664
401356,434253,401356,Հենրիկ Սենկևիչը և հայ գրականությունը,"Բարսեղյան, Բելլա",1978.0,1978.0,Երևան,Հայկական ՍՍՀ ԳԱ հրատ.,hy,Հենրիկ Սենկևիչ հայ գրականագիտություն,https://arar.sci.am/dlibra/publication/434253/edition/401356
418243,450540,418243,Հիշողություններ և դիմաստվերներ,"Շահազիզ, Երվանդ",1980.0,1980.0,Երևան,ՀՍՍՀ ԳԱ հրատ.,hy,Հուշագրություններ Հայ գրականագիտություն,https://arar.sci.am/dlibra/publication/450540/edition/418243
423187,455896,423187,Հոդվածներ և ելույթներ ; Աֆորիզմներ,"Իսահակյան, Ավետիք",2021.0,2021.0,Երևան,ՀՀ ԳԱԱ «Գիտություն» հրատ.,hy,Հայ գրականություն Երկերի ժողովածու,https://arar.sci.am/dlibra/publication/455896/edition/423187
376819,407709,376819,Հոդվածների ժողովածու,"Խանզադյան, Ցոլակ",1963.0,1963.0,Երևան,ՀՍՍՌ ԳԱ հրատ.,hy,Հայ գրականագիտություն,https://arar.sci.am/dlibra/publication/407709/edition/376819
388009,419783,388009,Հոդվածների ժողովածու,"Խանզադյան, Ցոլակ",1963.0,1963.0,Երևան,Հայկական ՍՍՌ ԳԱ հրատ.,hy,Հայ գրականագիտություն,https://arar.sci.am/dlibra/publication/419783/edition/388009
376388,407247,376388,Հովհաննես Թումանյանը և ռուս գրականությունը,"Թումանյան, Ն.",1956.0,1956.0,Երևան,ՀՍՍՌ ԳԱ հրատ.,hy,Հայ գրականագիտություն Հայ անվանի գրողներ Գրական կապեր,https://arar.sci.am/dlibra/publication/407247/edition/376388
409151,443108,409151,Հովհաննես Թումանյանը ժամանակի գրաքննադատական մտքի գնահատությամբ (1890-1913),,2019.0,2019.0,Երևան,ՎՄՎ-Պրինտ,hy,Հայ գրականագիտություն Գրաքննադատություն Հովհաննես Թումանյան,https://arar.sci.am/dlibra/publication/443108/edition/409151
408222,442256,408222,Հովհաննես Թումանյանը մանկագրության խաչմերուկներում,"Հովհաննիսյան, Սուսաննա",2018.0,2018.0,Երևան,Մետրո հրատ.,hy,Հայ գրականագիտություն Մանկական գրականություն Հովհաննես Թումանյան,https://arar.sci.am/dlibra/publication/442256/edition/408222
419702,452000,419702,Հովհաննես Թումանյանի կյանքի և ստեղծագործության տարեգրություն (1909-1914),,2016.0,2016.0,,ՀՀ ԳԱԱ «Գիտություն» հրատ․,hy,Հայ գրողների կյանքն ու գրական գործունեությունը Տարեգրություններ Հովհաննես Թումանյան,https://arar.sci.am/dlibra/publication/452000/edition/419702
368684,398446,368684,Հովհաննես Թումանյանի կյանքի և ստեղծագործության տարեգրություն (1915-1919),,2019.0,2019.0,,ՀՀ ԳԱԱ «Գիտություն» հրատ․,hy,Հովհաննես Թումանյան Հայ գրողների կյանքն ու գրական գործունեությունը Տարեգրություններ,https://arar.sci.am/dlibra/publication/398446/edition/368684
409152,443109,409152,Հովհաննես Թումանյանի կյանքի և ստեղծագործության տարեգրություն (1920-1923),,2020.0,2020.0,,ՀՀ ԳԱԱ «Գիտություն» հրատ․,hy,Հայ գրողների կյանքն ու գրական գործունեությունը Տարեգրություններ Հովհաննես Թումանյան,https://arar.sci.am/dlibra/publication/443109/edition/409152
422265,454722,422265,Հովհաննես Թումանյանի հասարակական գործունեությունը,"Կարապետյան, Լուսիկ",1992.0,1992.0,Երևան,Հայաստանի ԳԱ հրատ.,hy,Հայ գրողների կյանքն ու գործունեությունը Հովհաննես Թումանյան,https://arar.sci.am/dlibra/publication/454722/edition/422265
408192,442109,408192,Հովհաննես Թումանյանի հեքիաթները,"Վարդանյան, Ա. Մ.",1986.0,1986.0,Երևան,ՀՍՍՀ ԳԱ հրատ.,hy,Հայ գրականագիտություն Հովհաննես Թումանյան,https://arar.sci.am/dlibra/publication/442109/edition/408192
398806,431593,398806,Հովհաննես Հովհաննիսյան,"Ասմարյան, Լ. Ա.",1963.0,1963.0,Երևան,ՀՍՍՌ ԳԱ հրատ.,hy,Հայ գրականագիտություն Հայ գրողների կյանքն ու գործունեությունը,https://arar.sci.am/dlibra/publication/431593/edition/398806
375817,406561,375817,Հովհաննես Հովհաննիսյանի արվեստը,"Մուրադյան, Նշան",1964.0,1964.0,Երևան,ՀՍՍՌ ԳԱ հրատ.,hy,Հայ գրականագիտություն Հայ գրողներ,https://arar.sci.am/dlibra/publication/406561/edition/375817
375217,406226,375217,Հուշեր,"Պռոշյան, Պերճ",1940.0,1940.0,Յերևան,Արմֆան հրատ.,hy,Պերճ Պռոշյան Հայ գրականություն Հուշեր,https://arar.sci.am/dlibra/publication/406226/edition/375217
423344,456034,423344,"Հուշեր, հոդվածներ գրականության և արվեստի մասին ; Գրախոսություններ ; Ելույթներ","Իսահակյան, Ավետիք",2020.0,2020.0,Երևան,ՀՀ ԳԱԱ «Գիտություն» հրատ.,hy,Հայ գրականություն Երկերի ժողովածու,https://arar.sci.am/dlibra/publication/456034/edition/423344
385179,416708,385179,Հրանտ Մաթևոսյան,"Գրիգորյան, Վ. Ա.",1989.0,1989.0,Երևան,ՀՍՍՀ ԳԱ հրատ.,hy,Հայ բանասիրություն Հայ գրողների կյանքն ու գործունեությունը,https://arar.sci.am/dlibra/publication/416708/edition/385179
408279,442260,408279,Հրապարակախոսական և գրական-քննադատական հոդվածներ,Րաֆֆի,1991.0,1991.0,Երևան,Նաիրի,hy,Հայ գրականություն Երկերի ժողովածու,https://arar.sci.am/dlibra/publication/442260/edition/408279
418513,450828,418513,"Հրապարակախոսական և գրական-քննադատական հոդվածներ, նամակներ",Րաֆֆի,1999.0,1999.0,Երևան,Սովետական գրող,hy,Հայ գրականություն Երկերի ժողովածու,https://arar.sci.am/dlibra/publication/450828/edition/418513
376412,407272,376412,Հրապարակախոսական հոդվածներ ; Նամակներ և հեռագրեր,"Հակոբյան, Հակոբ",1958.0,1958.0,,ՀՍՍՌ ԳԱ հրատ.,hy,Հայ գրականություն,https://arar.sci.am/dlibra/publication/407272/edition/376412
416732,450339,416732,Ղազախական գրականության անթոլոգիա,,2019.0,2019.0,Երևան,«Բզեզ» հրատ.,hy,Ղազախական գրականություն,https://arar.sci.am/dlibra/publication/450339/edition/416732
374860,405990,374860,Ղևոնդ Ալիշանի հայրենասիրական պոեզիան,"Շտիկյան, Ս․",1959.0,1959.0,Երևան,ՀՍՍՌ ԳԱ հրատ․,hy,Հայ գրականագիտություն Հայ գրողներ,https://arar.sci.am/dlibra/publication/405990/edition/374860
375219,406228,375219,Մ․ Աբեղյանի կյանքն ու գործը,"Տեր-Մինասյան, Եր․",1949.0,1949.0,Երևան,ՀՍՍՌ ԳԱ հրատ.,hy,Մանուկ Աբեղյան Հայ գրողների կյանքն ու գործունեությունը,https://arar.sci.am/dlibra/publication/406228/edition/375219
375222,406231,375222,Մամե ու Զինե,,1956.0,1956.0,Երևան,ՀՍՍՌ ԳԱ հրատ.,hy,Քրդական գրականություն Վիպերգ,https://arar.sci.am/dlibra/publication/406231/edition/375222
424733,457880,424733,Մատեան ողբերգութեան,Գրիգոր Նարեկացի,1985.0,1985.0,Երևան,ՀՍՍՀ ԳԱ հրատ.,hy,Հայ գրականություն,https://arar.sci.am/dlibra/publication/457880/edition/424733
375223,406232,375223,Մաքսիմ Գորկին և հայկական կուլտուրան,"Հովնան, Գուրգեն",1940.0,1940.0,Երևան,Արմֆան հրատ.,hy,Մաքսիմ Գորկի Հայ գրականագիտություն Ռուս գրողներ,https://arar.sci.am/dlibra/publication/406232/edition/375223
377590,408303,377590,Մաքսիմ Գորկին և հայ կուլտուրան,"Հովնան, Գուրգեն",1951.0,1951.0,Երևան,ՀՍՍՌ ԳԱ հրատ.,hy,"Գորկի, Մաքսիմ 1868-1936 Հայ մշակույթ",https://arar.sci.am/dlibra/publication/408303/edition/377590
392537,425041,392537,Մեսրոպ Թաղիադյան,"Միրզաբեկյան, Ջ. Մ.",1971.0,1971.0,Երևան,ՀՍՍՀ ԳԱ հրատ.,hy,Հայ գրականագիտություն Հայ գրողներ,https://arar.sci.am/dlibra/publication/425041/edition/392537
375221,406230,375221,Միքայել Նալբանդյան,,1956.0,1956.0,Երևան,ՀՍՍՌ ԳԱ հրատ.,hy ; ru,Միքայել Նալբանդյան Հայ գրականագիտություն Հայ գրողներ,https://arar.sci.am/dlibra/publication/406230/edition/375221
395264,426978,395264,Միքայել Նալբանդյանը և XIX դ. 60-ական թվականների ռուս առաջավոր գործիչները,"Կարինյան, Ա. Բ.",1979.0,1979.0,Երևան,ՀՍՍՀ ԳԱ հրատ.,hy,Հայ գրողների կյանքն ու գործունեությունը Միքայել Նալբանդյան,https://arar.sci.am/dlibra/publication/426978/edition/395264
399600,432680,399600,Միքայել Նալբանդյանի կյանքի և գործունեության տարեգրությունը,"Ինճիկյան, Ա. Մ.",1980.0,1980.0,Երևան,Հայկական ՍՍՀ ԳԱ հրատ․,hy,Հայ գրականագիտություն Հայ գրողներ Միքայել Նալբանդյան,https://arar.sci.am/dlibra/publication/432680/edition/399600
375915,406662,375915,Մկրտիչ Նաղաշ,,1965.0,1965.0,Երևան,ՀՍՍՌ ԳԱ հրատ․,hy,Հայ գրականագիտություն,https://arar.sci.am/dlibra/publication/406662/edition/375915
391990,424276,391990,Մկրտիչ Պեշիկթաշլյան,"Սաֆարյան, Վաչե",1972.0,1972.0,Երևան,ՀՍՍՀ ԳԱ հրատ.,hy,Հայ գրականագիտություն Մկրտիչ Պեշիկթաշլյան,https://arar.sci.am/dlibra/publication/424276/edition/391990
424194,457005,424194,Նամականի,"Նազարյան, Ստեփանոս",1969.0,1969.0,Երևան,ՀՍՍՀ ԳԱ հրատ.,hy,Հայ գրականություն,https://arar.sci.am/dlibra/publication/457005/edition/424194
424221,457101,424221,Նամակներ (1889-1923),"Իսահակյան, Ավետիք",2020.0,2020.0,Երևան,«Էդիթ պրինտ» հրատ․,hy,Ավիկ Իսահակյան,https://arar.sci.am/dlibra/publication/457101/edition/424221
424134,456922,424134,Նամակներ (1924-1957),"Իսահակյան, Ավետիք",2021.0,2021.0,Երևան,«Էդիթ պրինտ» հրատ․,hy,Երկերի ժողովածու Հայ գրականություն,https://arar.sci.am/dlibra/publication/456922/edition/424134
402101,434523,402101,Նամակներ և բացիկներ,"Շանթ, Լևոն",2017.0,2017.0,Երևան,ՀՀ ԳԱԱ «Գիտություն» հրատ.,hy,Հայ գրականություն Երկերի ժողովածու,https://arar.sci.am/dlibra/publication/434523/edition/402101
375200,406208,375200,Ն.Ա. Նեկրասովը և հայ պոեզիան,"Հովնան, Գուրգեն",1956.0,1956.0,Երևան,ՀՍՍՌ ԳԱԱ հրատ.,hy,Նեկրասով Նիկոլայ Ալեքսեևիչ Գրականագիտություն,https://arar.sci.am/dlibra/publication/406208/edition/375200
375198,406206,375198,Նար-Դոս,"Հովհաննիսյան, Գ․",1959.0,1959.0,Երևան,ՀՍՍՌ ԳԱ հրատ.,hy,Նար-Դոս Հայ գրականագիտություն Հայ գրողներ,https://arar.sci.am/dlibra/publication/406206/edition/375198
376391,407250,376391,Ներսես Շնորհալի,"Հակոբյան, Գր․",1964.0,1964.0,Երևան,ՀՍՍՌ ԳԱ հրատ.,hy,"Ներսես Շնորհալի, 1100-1173 Հայ գրականագիտություն Հայ գրողներ",https://arar.sci.am/dlibra/publication/407250/edition/376391
395309,427010,395309,Ներսես Շնորհալի,,1977.0,1977.0,Երևան,ՀՍՍՀ ԳԱ հրատ.,hy,Հայ գրականագիտություն Ներսես Շնորհալի,https://arar.sci.am/dlibra/publication/427010/edition/395309
418509,450816,418509,Ներսես Շնորհալու պոեմները,"Որսկանյան, Հերիքնազ",2006.0,2006.0,Երևան,Հեղինակային հրատ.,hy,Հայ գրականագիտություն Գրական վերլուծություն,https://arar.sci.am/dlibra/publication/450816/edition/418509
421314,453779,421314,Նոր շրջան,,2015.0,2015.0,Երևան,ՀՀ ԳԱԱ «Գիտություն» հրատ.,hy,Հայ գրականության պատմություն,https://arar.sci.am/dlibra/publication/453779/edition/421314
395323,427071,395323,Շարականների ժանրը հայ միջնադարյան գրականության մեջ,"ՀակոբյաՆ, Գ․ Ա․",1980.0,1980.0,Երևան,ՀՍՍՀ ԳԱ հրատ.,hy,Հայ գրականագիտություն Շարականներ Միջնադարյան հայ գրականություն,https://arar.sci.am/dlibra/publication/427071/edition/395323
377473,408202,377473,Շիլլերը հայ գրականության մեջ և թատրոնում,"Բաբայան, Արամ",1959.0,1959.0,Երևան,ՀՍՍՌ ԳԱ հրատ.,hy,Գրականագիտություն Թատերագիտություն ֆրիդրիխ Շիլլեր,https://arar.sci.am/dlibra/publication/408202/edition/377473
376318,407186,376318,Շիրվանզադեի էսթետիկան,"Թոփչյան, Ստ. Է.",1963.0,1963.0,Երևան,ՀՍՍՌ ԳԱ հրատ.,hy,Ալեքսանդր Շիրվանզադե Հայ գրականագիտություն Հայ գրողներ,https://arar.sci.am/dlibra/publication/407186/edition/376318
419044,451312,419044,Շիրվանզադեի հրապարակախոսական ժառանգությունից (1914-1919),"Զաքարյան, Անուշավան",2006.0,2006.0,Երևան,Հեղ. հրատ.,hy,Հայ գրողների կյանքն ու գործունեությունը Հայ գրականություն,https://arar.sci.am/dlibra/publication/451312/edition/419044
390299,423173,390299,Ողբ Եդեսիոյ,"Շնորհալի, Ներսէս",1973.0,1973.0,Երևան,Հայկական ՍՍՀ ԳԱ հրատ.,hy,Հայ գրականություն Պոեմ Միջնադար,https://arar.sci.am/dlibra/publication/423173/edition/390299
418502,450789,418502,Որբերի Ամենայն հայոց հայրիկը,"Հովհաննիսյան, Սուսաննա",2019.0,2019.0,Երևան,Անտարես հրատ.,hy,Հայոց ցեղասպանություն (1915-1923) Հովհաննես Թումանյան Որբանոցներ,https://arar.sci.am/dlibra/publication/450789/edition/418502
404251,436326,404251,"Ուղեգրություններ, Հ․ 10 ; Պատմական երկեր",Րաֆֆի,1991.0,1991.0,Երևան,Նաիրի,hy,Հայ գրականություն Երկերի ժողովածու,https://arar.sci.am/dlibra/publication/436326/edition/404251
392545,425184,392545,Ուղեգրություններ ; Հոդվածներ ; Նամակներ ; Վավերագրեր,"Թաղիադյան, Մեսրոպ",1975.0,1975.0,Երևան,ՀՍՍՀ ԳԱ հրատ.,hy,Հայ գրականաություն Հրապարակապոսական երկեր,https://arar.sci.am/dlibra/publication/425184/edition/392545
422271,454730,422271,Ուղեգրություններ ; Պատմական երկեր,Րաֆֆի,1987.0,1987.0,Երևան,Սովետական գրող,hy,Հայ գրականություն Երկերի ժողովածու,https://arar.sci.am/dlibra/publication/454730/edition/422271
409190,443167,409190,"Ուշ միջնադարի հայ բանաստեղծությունը (XVI-XVII դդ.), Հատոր 1",,1986.0,1986.0,Երևան,ՀՍՍՀ ԳԱ հրատ.,hy,Հայ միջնադարյան բանաստեղծություն Բանասիրություն,https://arar.sci.am/dlibra/publication/443167/edition/409190
416714,450338,416714,Ուշ միջնադարի հայ բանաստեղծությունը (XVI-XVII դդ.) Հատոր 2,,1987.0,1987.0,Երևան,ՀՍՍՀ ԳԱ հրատ.,hy,Հայ միջնադարյան բանաստեղծություն Բանասիրություն,https://arar.sci.am/dlibra/publication/450338/edition/416714
379795,410981,379795,"Ուսումնասիրություններ և հրապարակումներ, Հատոր 1",,1964.0,1964.0,,ՀՍՍՀ ԳԱ հրատ.,hy,Հովհաննես Թումանյան Հայ գրականագիտություն Հայ անվանի գրողներ,https://arar.sci.am/dlibra/publication/410981/edition/379795
381580,412953,381580,"Ուսումնասիրություններ և հրապարակումներ, Հատոր 2",,1969.0,1969.0,,ՀՍՍՀ ԳԱ հրատ.,hy,Հովհաննես Թումանյան Հայ գրականագիտություն Հայ անվանի գրողներ,https://arar.sci.am/dlibra/publication/412953/edition/381580
382332,413747,382332,"Ուսումնասիրություններ և հրապարակումներ, Հատոր 3",,1983.0,1983.0,,ՀՍՍՀ ԳԱ հրատ.,hy,Հովհաննես Թումանյան Հայ գրականագիտություն Հայ անվանի գրողներ,https://arar.sci.am/dlibra/publication/413747/edition/382332
385186,416795,385186,"Ուսումնասիրություններ և հրապարակումներ, Հատոր 4",,1985.0,1985.0,,ՀՍՍՀ ԳԱ հրատ.,hy,Հովհաննես Թումանյան Հայ գրականագիտություն Հայ անվանի գրողներ,https://arar.sci.am/dlibra/publication/416795/edition/385186
390906,423674,390906,"Ուսումնասիրություններ և հրապարակումներ, Հատոր 5",,1998.0,1998.0,,ՀՀ ԳԱԱ «Գիտություն» հրատ.,hy,Հովհաննես Թումանյան Հայ գրականագիտություն Հայ անվանի գրողներ,https://arar.sci.am/dlibra/publication/423674/edition/390906
403665,435556,403665,Ուստա Կարո,"Իսահակյան, Ավետիք",2016.0,2016.0,Երևան,ՀՀ ԳԱԱ «Գիտություն» հրատ.,hy,Հայ գրականություն Երկերի ժողովածու,https://arar.sci.am/dlibra/publication/435556/edition/403665
424136,456928,424136,"Ուստա Կարո և Օրթե Հարութ, Գ․ Ա","Իսահակյան, Ավետիք",2022.0,2022.0,Երևան,«Էդիթ պրինտ» հրատ․,hy,Հայ գրականություն Երկերի ժողովածու,https://arar.sci.am/dlibra/publication/456928/edition/424136
424220,457100,424220,"Ուստա Կարո և Օրթե Հարութ, Գ․ Բ","Իսահակյան, Ավետիք",2023.0,2023.0,Երևան,«Էդիթ պրինտ» հրատ․,hy,Հայ գրականություն Երկերի ժողովածու,https://arar.sci.am/dlibra/publication/457100/edition/424220
402285,434600,402285,Չարենցը և պատմությունը,"Եղիազարյան, Ազատ",1997.0,1997.0,Երևան,ՀՀ ԳԱԱ «Գիտություն» հրատ.,hy,Հայ գրականագիտություն Հայ գրողների կյանքն ու գործունեությունը,https://arar.sci.am/dlibra/publication/434600/edition/402285
384024,415639,384024,Չարենցի ձեռագրերի աշխարհում,"Չարենց, Անահիտ",1978.0,1978.0,Երևան,ՀՍՍՀ ԳԱ հրատ.,hy,Հայ գրականագիտություն,https://arar.sci.am/dlibra/publication/415639/edition/384024
420326,452711,420326,Չափածո երկեր,"Շահազիզ, Սմբատ",1993.0,1993.0,Երևան,Հայաստանի ԳԱԱ հրատ.,hy,Հայ գրականություն,https://arar.sci.am/dlibra/publication/452711/edition/420326
403354,435466,403354,Չափածո լեգենդներ և բալլադներ ; Առակներ ; Թարգմանություններ,"Իսահակյան, Ավետիք",2014.0,2014.0,Երևան,ՀՀ ԳԱԱ «Գիտություն» հրատ.,hy,Հայ գրականություն Երկերի ժողովածու,https://arar.sci.am/dlibra/publication/435466/edition/403354
399605,432726,399605,Չափածո ստեղծագործություններ ; «Մնաք բարովի իրիկունը» ; «Երազ օրեր»,"Շանթ, Լևոն",2011.0,2011.0,Երևան,ՀՀ ԳԱԱ «Գիտություն» հրատ.,hy,Հայ գրականություն Երկերի ժողովածու,https://arar.sci.am/dlibra/publication/432726/edition/399605
420315,452674,420315,Պատմութիւն Աղեքսանդրի Մակեդոնացւոյ,,1989.0,1989.0,Երևան,ՀԽՍՀ ԳԱ հրատ.,hy,Ալեքսանդր Մակեդոնացի Պատմություն Հայ թարգմանական գրականություն,https://arar.sci.am/dlibra/publication/452674/edition/420315
402156,434525,402156,Պատմութիւն վասն մանկանն եւ աղջկանն ; Պատմութիւն յաղագս Փահլուլ թագաւորին,,1983.0,1983.0,Երևան,ՀՍՍՀ ԳԱ հրատ․,hy,Համաշխարհային գրականություն Զրույցներ,https://arar.sci.am/dlibra/publication/434525/edition/402156
408186,441984,408186,Պատմվածքներ ; Մանրապատումներ ; Գրառումներ ; Հատվածներ և պատառիկներ,"Իսահակյան, Ավետիք",2019.0,2019.0,Երևան,ՀՀ ԳԱԱ «Գիտություն» հրատ.,hy,Հայ գրականություն Երկերի ժողովածու,https://arar.sci.am/dlibra/publication/441984/edition/408186
395321,427012,395321,Պարույր Սևակ,"Արիստակեսյան, Ա․ Վ․",1974.0,1974.0,Երևան,ՀՍՍՀ ԳԱ հրատ.,hy,Հայ գրականագիտություն Պարույր Սևակ,https://arar.sci.am/dlibra/publication/427012/edition/395321
416688,450337,416688,Պարույր Սևակի պոեմները,"Արզումանյան, Լիլիթ",2001.0,2001.0,Երևան,Նաիրի,hy,Բանասիրություն Պարույր Սևակ,https://arar.sci.am/dlibra/publication/450337/edition/416688
402714,434960,402714,Պոեմներ,"Թումանյան, Հովհաննես",2019.0,2019.0,Երևան,ՀՀ ԳԱԱ հրատ.,hy,Հայ գրականություն Երկերի լիակատար ժողովածու,https://arar.sci.am/dlibra/publication/434960/edition/402714
404496,436380,404496,Պոեմներ,"Թումանյան, Հովհաննես",1991.0,1991.0,Երևան,ՀՀ ԳԱԱ հրատ.,hy,Հայ գրականություն Երկերի լիակատար ժողովածու,https://arar.sci.am/dlibra/publication/436380/edition/404496
404250,436325,404250,Պոեմներ,"Իսահակյան, Ավետիք",2008.0,2008.0,,ՀՀ ԳԱԱ «Գիտություն» հրատ.,hy,Հայ գրականություն Երկերի ժողովածու,https://arar.sci.am/dlibra/publication/436325/edition/404250
376328,407199,376328,"Պոեմներ, 1887-1916","Թումանյան, Հովհաննես",1940.0,1940.0,Յերևան,Արմֆան հրատ.,hy,Հայ գրականություն Երկերի ժողովածու,https://arar.sci.am/dlibra/publication/407199/edition/376328
396171,428251,396171,Ռափայել Պատկանյան,"Սաղյան, Մերի",1980.0,1980.0,Երևան,Հայկական ՍՍՀ ԳԱ հրատ.,hy,Ռափայել Պատկանյան Հայ գրականագիտություն Հայ գրողների կյանքն ու գործունեությունը,https://arar.sci.am/dlibra/publication/428251/edition/396171
403386,435467,403386,Ռուբեն Սևակ,"Կիրակոսյան, Վ․ Ա․",1972.0,1972.0,Երևան,Հայկական ՍՍՀ ԳԱ հրատ.,hy,"Ռուբեն, Սևակ, 1885-1915 Հայ գրականագիտություն Հայ գրողների կյանքն ու գործունեությունը",https://arar.sci.am/dlibra/publication/435467/edition/403386
422770,455454,422770,Ռուս գրողները և Հովհաննես Թումանյանը,"Զաքարյան, Անուշավան",2019.0,2019.0,Երևան,Հեղինակային հրատ․,hy,Հայ գրականագիտություն Հովհաննես Թումանյան Գրական կապեր,https://arar.sci.am/dlibra/publication/455454/edition/422770
401357,434252,401357,Սալբի ; Հարեմ,Րաֆֆի,1983.0,1983.0,Երևան,Սովետական գրող,hy,Հայ գրականություն Երկերի ժողովածու,https://arar.sci.am/dlibra/publication/434252/edition/401357
377467,408199,377467,Սալտիկով-Շչեդրին,"Գրիգորյան, Կ․",1960.0,1960.0,Երևան,ՀՍՍՌ ԳԱ հրատ.,hy,Ռուս գրականագիտություն Ռուս գրողներ,https://arar.sci.am/dlibra/publication/408199/edition/377467
421815,454251,421815,Սամվել,Րաֆֆի,1986.0,1986.0,Երևան,Սովետական գրող,hy,Հայ գրականություն Երկերի ժողովածու,https://arar.sci.am/dlibra/publication/454251/edition/421815
376416,407276,376416,Սայաթ Նովա,"Թումանյան, Հովհ․",1963.0,1963.0,Երևան,ՀՍՍՌ ԳԱ հրատ.,hy,Հայ աշուղներ Սայաթ-Նովա,https://arar.sci.am/dlibra/publication/407276/edition/376416
376414,407274,376414,Սայաթ-Նովա,"Սարգսյան, Խ. Ս.",1963.0,1963.0,Երևան,ՀՍՍՌ ԳԱ հրատ.,hy,Հայ գրականագիտություն Հայ աշուղներ Սայաթ-Նովա,https://arar.sci.am/dlibra/publication/407274/edition/376414
403406,435468,403406,Սայաթ-Նովա,"Բախչինյան, Հենրիկ",1988.0,1988.0,Երևան,Հայկական ՍՍՀ ԳԱ հրատ.,hy,"Սայաթ-Նովա, 1712-1795 Հայ գրականագիտություն Հայ անվանի գրողներ",https://arar.sci.am/dlibra/publication/435468/edition/403406
399617,432782,399617,Սայաթ-Նովա,"Սևակ, Պարույր",1969.0,1969.0,Երևան,ՀՍՍՀ ԳԱ հրատ.,hy,Հայ գրականագիտություն Հայ գուսաններ,https://arar.sci.am/dlibra/publication/432782/edition/399617
376413,407273,376413,Սայաթ-Նովայի ստեղծագործության ժողովրդական ակունքները,"Ղանալանյան, Ա. Տ.",1963.0,1963.0,Երևան,ՀՍՍՌ ԳԱ հրատ.,hy,Հայ աշուղներ Հայ գրականագիտություն Սայաթ-Նովա,https://arar.sci.am/dlibra/publication/407273/edition/376413
375394,406306,375394,Սայաթ-Նովան ըստ վրացական աղբյուրների,"Մուրադյան, Պ. Մ.",1963.0,1963.0,Երևան,ՀՍՍՌ ԳԱ հրատ.,hy ; ru,Սայաթ-Նովա Հայ գրականագիտություն Հայ գրողներ,https://arar.sci.am/dlibra/publication/406306/edition/375394
402231,434538,402231,Սասուն աշխարհի բանասացը,"Վարդանյան, Կարո",2000.0,2000.0,Երևան,Արտագերս հրատ․,hy,Հայ գրականագիտություն Խաչիկ Դաշտենց,https://arar.sci.am/dlibra/publication/434538/edition/402231
389826,422506,389826,Սարգիս Ապուչեխցի,"Մկրտչյան, Մանիկ",1971.0,1971.0,Երևան,Հայկական ՍՍՀ ԳԱ հրատ․,hy,Հայ գրականագիտություն Հայ գրողներ,https://arar.sci.am/dlibra/publication/422506/edition/389826
418192,450537,418192,Սերգեյ Գորոդեցկին Արևմտյան Հայաստանում և Անդրկովկասում,"Զաքարյան, Անուշավան",2010.0,2010.0,Երևան,Հեղ. հրատ.,hy,Ռուս գրականություն Սերգեյ Գորոդեցկի,https://arar.sci.am/dlibra/publication/450537/edition/418192
418541,450861,418541,Սերգեյ Սարինյան,,2019.0,2019.0,Երևան,Արմավ,hy,Կենսամատենագիտություն Սերգեյ Սարինյան,https://arar.sci.am/dlibra/publication/450861/edition/418541
395322,427039,395322,Սովետահայ արդի պատմվածքը,"Սարյան, Ս. Մ.",1959.0,1959.0,Երևան,ՀՍՍՌ ԳԱ հրատ.,hy,Հայ գրականագիտություն Սովետահայ գրականություն,https://arar.sci.am/dlibra/publication/427039/edition/395322
395324,427152,395324,"Սովետահայ գրականության պատմություն, Հ․ 1",,1961.0,1961.0,,ՀՍՍՌ ԳԱ հրատ.,hy,Հայ գրականության պատմություն Հայ գրականագիտություն,https://arar.sci.am/dlibra/publication/427152/edition/395324
376386,407245,376386,"Սովետահայ գրականության պատմություն, Հ. 2",,1965.0,1965.0,,ՀՍՍՌ ԳԱ հրատ.,hy,Հայ գրականության պատմություն Հայ գրականագիտություն,https://arar.sci.am/dlibra/publication/407245/edition/376386
396148,428247,396148,Սովետահայ գրականության պոետիկան,,1980.0,1980.0,Երևան,Հայկական ՍՍՀ ԳԱ հրատ.,hy,Հայ գրականագիտություն,https://arar.sci.am/dlibra/publication/428247/edition/396148
404252,436327,404252,Սովետահայ գրականության տարեգրություն 1957-1975 More,,,,Երևան,ՀՍՍՀ ԳԱ հրատ.,hy,Մատենագիտություն Գրականագիտություն,https://arar.sci.am/dlibra/publication/436327/edition/404252
375246,406251,375246,Սովետահայ գրականություն,,1954.0,1954.0,Երևան,ՀՍՍՌ ԳԱ հրատ.,hy,Հայ գրականություն Ձեռնարկ,https://arar.sci.am/dlibra/publication/406251/edition/375246
390252,422996,390252,Սովետահայ ժողովրդական բանահյուսությունը,"Նազինյան, Ա․ Մ․",1957.0,1957.0,Երևան,ՀՍՍՌ ԳԱ հրատ.,hy,Հայ բանահյուսություն,https://arar.sci.am/dlibra/publication/422996/edition/390252
396174,428254,396174,Սովետահայ պատմվածքը,"Ադալյան, Նորայր",1968.0,1968.0,Երևան,ՀՍՍՀ ԳԱ հրատ.,hy,Հայ գրականագիտություն,https://arar.sci.am/dlibra/publication/428254/edition/396174
396172,428252,396172,Սովետահայ պոեզիայի տաղաչափությունը,"Գասպարյան, Դավիթ",1979.0,1979.0,Երևան,ՀՍՍՀ ԳԱ հրատ.,hy,Հայ գրականագիտություն Տաղաչափություն,https://arar.sci.am/dlibra/publication/428252/edition/396172
391865,424057,391865,Սովետահայ տեղական մամուլը (1921-1925 թթ.),"Ամիրբեկյան, Վ. Մ.",1964.0,1964.0,Երևան,ՀՍՍՌ ԳԱ հրատ.,hy,Սովետահայ մամուլի պատմություն,https://arar.sci.am/dlibra/publication/424057/edition/391865
375237,406235,375237,Սոցիալիստական ռեալիզմի պրոբլեմների շուրջը,"Թոփչյան, Էդ․",1948.0,1948.0,Երևան,ՀՍՍՌ ԳԱ հրատ.,hy,Գրականագիտություն,https://arar.sci.am/dlibra/publication/406235/edition/375237
375680,406480,375680,Ստալինը սովետահայ բանահյուսության մեջ,,1949.0,1949.0,Երևան,ՀՍՍՌ ԳԱ հրատ.,hy,Հայ գրականություն Սովետահայ բանահյուսություն,https://arar.sci.am/dlibra/publication/406480/edition/375680
392016,424339,392016,Ստեփան Զորյան,"Սարգսյան, Խ. Ս.",1960.0,1960.0,,ՀՍՍՌ ԳԱ հրատ.,hy,Հայ գրականագիտություն Ստեփան Զորյան Հայ գրողներ,https://arar.sci.am/dlibra/publication/424339/edition/392016
396175,428255,396175,Ստեփանոս Նազարյան,"Նանումյան, Ռուզան",1978.0,1978.0,Երևան,ՀՍՍՀ ԳԱ հրատ.,hy,Հայ գրականագիտություն Ստեփանոս Նազարյան Հայ գրողների կյանքն ու գործունեությունը,https://arar.sci.am/dlibra/publication/428255/edition/396175
396173,428253,396173,Սփյուռքահայ գրականության պատմության ուրվագծեր,"Սևան, Գեղամ",1980.0,1980.0,Երևան,ՀՍՍՀ ԳԱ հրատ.,hy,Հայ գրականության պատմություն Սփյուռքահայ գրականություն,https://arar.sci.am/dlibra/publication/428253/edition/396173
403587,435504,403587,Սփյուռքահայ գրականության պատմության ուրվագծեր,"Սևան, Գեղամ",1997.0,1997.0,Երևան,ՀՀ ԳԱԱ «Գիտություն» հրատ.,hy,Սփյուռքահայ գրականութան պատմություն,https://arar.sci.am/dlibra/publication/435504/edition/403587
375397,406309,375397,Սփյուռքահայ մամուլի պատմությունից,"Բաբլոյան, Մ․",1965.0,1965.0,Երևան,ՀՍՍՌ ԳԱ հրատ.,hy,Սփյուռքահա մամուլի պատմություն «Անի» գրական-գեղարվեստական ամսագիր,https://arar.sci.am/dlibra/publication/406309/edition/375397
395056,426940,395056,Սփյուռքի գրողները սովետահայ գրականության մասին,,1980.0,1980.0,Երևան,ՀՍՍՀ ԳԱ հրատ.,hy,Հայ գրականագիտություն Ժողովածու Հոդվածներ,https://arar.sci.am/dlibra/publication/426940/edition/395056
374922,406052,374922,Վախթանգ Անանյան,"Գյուլնազարյան, Խ. Մ․",1963.0,1963.0,Երևան,ՀՍՍՌ ԳԱ հրատ.,hy,"Անանյան, Վախթանգ Ստեփանի, 1905-1980 Գրականագիտություն",https://arar.sci.am/dlibra/publication/406052/edition/374922
403313,435463,403313,Վահագն Դավթյանի պոեզիան,"Գալստյան, Հենրիկ",1978.0,1978.0,Երևան,Հայկական ՍՍՀ ԳԱ հրատ․,hy,"Վահագն Դավթյան, Արմենակի, 1922-1996 Հայ գրականագիտություն Հայ գրողներ",https://arar.sci.am/dlibra/publication/435463/edition/403313
395064,426944,395064,Վահան Թեքեյան,"Ասմարյան, Լևոն",1971.0,1971.0,Երևան,ՀՍՍՀ ԳԱ հրատ.,hy,Վահան Թեքեյան Հայ գրականագիտություն Հայ գրողների կյանքն ու գործունեությունը,https://arar.sci.am/dlibra/publication/426944/edition/395064
418549,450932,418549,Վահան Թեքեյանի 125-ամյակին նվիրված գիտաժողովի զեկուցումներ,,2004.0,2004.0,Երևան,Հայաստանի Թեքեյան Մշակութային Միություն,hy,Վահան Թեքեյան Գիտաժողովի զեկույցների ժողովածու,https://arar.sci.am/dlibra/publication/450932/edition/418549
404263,436328,404263,Վեպեր ; Վիպակներ և պատմվածքներ,Րաֆֆի,1984.0,1984.0,Երևան,Սովետական գրող,hy,Երկերի ժողովածու Հայ գրականություն,https://arar.sci.am/dlibra/publication/436328/edition/404263
403428,435470,403428,«Վերնատան» զավակները,"Իսահակյան, Ավիկ",2017.0,2017.0,Երևան,ՀՀ ԳԱԱ «Գիտություն» հրատ.,hy,Վերնատուն Հայ գրողների կյանքն ու գործունեությունը,https://arar.sci.am/dlibra/publication/435470/edition/403428
375841,406586,375841,Վիկտոր Հյուգոն հայ գրականության մեջ,"Գասպարյան, Հայկ",1963.0,1963.0,Երևան,ՀՍՍՌ ԳԱ հրատ.,hy,Գրականագիտություն Հայ գրականագիտություն,https://arar.sci.am/dlibra/publication/406586/edition/375841
414036,449358,414036,Վիպակներ ; Խենթը,Րաֆֆի,1984.0,1984.0,Երևան,Սովետական գրող,hy,Հայ գրականություն Երկերի ժողովածու,https://arar.sci.am/dlibra/publication/449358/edition/414036
400606,433826,400606,Վիպակ ; Վեպ,"Շանթ, Լևոն",2008.0,2008.0,,ՀՀ ԳԱԱ «Գիտություն» հրատ.,hy,Հայ գրականություն Երկերի ժողովածու,https://arar.sci.am/dlibra/publication/433826/edition/400606
400666,433943,400666,Վրթանես Փափազյան,"Օհանյան, Ա. Կ.",1976.0,1976.0,Երևան,Հայկական ՍՍՀ ԳԱ հրատ.,hy,Վրթանես Փափազյան Հայ գրականագիտություն Հայ գրողների կյանքն ու գործունեությունը,https://arar.sci.am/dlibra/publication/433943/edition/400666
376411,407271,376411,Վրթանես Փափազյանը գրականության մասին,,1962.0,1962.0,Երևան,ՀՍՍՌ ԳԱ հրատ.,hy,Հայ գրականագիտություն Վրթանես Փափազյան Հայ գրողներ,https://arar.sci.am/dlibra/publication/407271/edition/376411
384064,415640,384064,Տաղեր,Կոստանդին Երզնկացի,1962.0,1962.0,Երևան,ՀՍՍՌ ԳԱԱ հրատ.,hy,Հայ գրականություն Տաղեր,https://arar.sci.am/dlibra/publication/415640/edition/384064
390297,423125,390297,Տաղեր,"Թլկուրանցի, Հովհաննես",1960.0,1960.0,Երևան,Հայկական ՍՍՌ ԳԱ հրատ.,hy,Տաղեր Հայ գրականություն,https://arar.sci.am/dlibra/publication/423125/edition/390297
376324,407195,376324,Տիգրան Կամսարական,"Մարգարյան, Հ․ Օ․",1964.0,1964.0,Երևան,ՀՍՍՌ ԳԱ հրատ․,hy,Տիգրան Կամսարական Հայ գրականագիտություն Հայ գրողներ,https://arar.sci.am/dlibra/publication/407195/edition/376324
377933,408687,377933,Րաֆֆի,"Սարինյան, Ս.",1957.0,1957.0,Երևան,ՀՍՍՌ ԳԱ հրատ.,hy,Հայ գրականագիտություն Հայ գրողներ,https://arar.sci.am/dlibra/publication/408687/edition/377933
402698,434949,402698,Րաֆֆին ժամանակակիցների հուշերում,,1986.0,1986.0,Երևան,Հայկական ՍՍՀ ԳԱ հրատ.,hy,"Րաֆֆի, 1835-1888 Հայ գրականագիտություն Հայ գրողների կյանքն ու գործունեությունը",https://arar.sci.am/dlibra/publication/434949/edition/402698
402697,434942,402697,Քառյակներ ; Բալլադներ ; Թարգմանություններ,"Թումանյան, Հովհաննես",2018.0,2018.0,Երևան,ՀՀ ԳԱԱ հրատ.,hy,Հայ գրականություն Երկերի լիակատար ժողովածու,https://arar.sci.am/dlibra/publication/434942/edition/402697
375236,406234,375236,Քյոռ-Օղլի,,1941.0,1941.0,Երևան,Արմֆան հրատ.,hy ; ru,Գեղարվեստական գրականություն Բանահյուսություն,https://arar.sci.am/dlibra/publication/406234/edition/375236
375855,406600,375855,«Քյոռօղլի» էպոսի քրդական պատումները,,1953.0,1953.0,Երևան,ՀՍՍՌ ԳԱ հրատ.,hy,Քրդական գրականություն Էպոս,https://arar.sci.am/dlibra/publication/406600/edition/375855
375220,406229,375220,Քննադատական ռեալիզմի սկզբնավորումը հայ գրականության մեջ,"Սարինյան, Ս․",1955.0,1955.0,Երևան,ՀՍՍՌ ԳԱ հրատ.,hy,Հայ գրականագիտություն,https://arar.sci.am/dlibra/publication/406229/edition/375220
399462,432377,399462,"Քննադատական տարեգիրք, 1985",,1985.0,1985.0,,Սովետական գրող,hy,Հայ գրականագիտություն Տարեգիրք,https://arar.sci.am/dlibra/publication/432377/edition/399462
399602,432706,399602,"Քննադատական տարեգիրք, 1986",,1987.0,1987.0,,Սովետական գրող,hy,Հայ գրականագիտություն Տարեգիրք,https://arar.sci.am/dlibra/publication/432706/edition/399602
399612,432761,399612,"Քննադատական տարեգիրք, 1991",,1991.0,1991.0,,«Նաիրի» հրատ.,hy,Հայ գրականագիտություն Տարեգիրք,https://arar.sci.am/dlibra/publication/432761/edition/399612
422263,454720,422263,"Քննադատություն և հրապարակախոսություն, 1892-1921","Թումանյան, Հովհաննես",1951.0,1951.0,Երևան,Հայպետհրատ,hy,Հայ գրականություն Երկերի ժողովածու,https://arar.sci.am/dlibra/publication/454720/edition/422263
404295,436329,404295,Ֆրանսիացի հայագետներ (XIX-XX դարեր),"Դոլուխանյան, Աելիտա",2018.0,2018.0,Երևան,ՀՀ ԳԱԱ «Գիտություն» հրատ.,fr ; hy,Ֆրանսիացի հայագետներ Հայագիտական հետազոտություն,https://arar.sci.am/dlibra/publication/436329/edition/404295
